item_id,persona_id,question_type,gold_key,llama_t0_pred,qwen_t0_pred,llama_t0_bucket,qwen_t0_bucket,item_default_bucket,unstable_any,parse_status
acd74206-37dc-4756-94a8-b99a395d9a21,0,user_shared_fact_recall,c,b,b,error,error,strict_default_error,,valid
f546a74f-54de-40d0-9d88-8b0e30467d7b,0,preference_aligned_recommendation,d,b,a,error,error,strict_default_error,,valid
b3588797-acdf-40d3-bcc5-951f81896f95,0,idea_suggestion,a,a,a,solved,solved,default_solved,False,valid
5370f186-0028-41f4-b436-c48575899fca,0,idea_suggestion,b,a,a,error,error,strict_default_error,,valid
a40d5f67-8ec6-480b-a901-9709eecee9b9,0,preference_update_reason_recall,d,a,a,error,error,strict_default_error,,valid
6142fba4-a233-405a-a4fe-a5b2e27374a7,0,preference_update_reason_recall,c,a,c,error,solved,loose_default_error,False,valid
2cef53ac-c165-41b5-a31f-c3064106471f,0,preference_evolution_tracking,a,a,a,solved,solved,default_solved,False,valid
4afc48ca-e6a7-4467-abd2-911915199315,0,preference_evolution_tracking,a,a,d,solved,error,loose_default_error,False,valid
defecce2-ff39-438e-ae41-90f3bcf9cb48,0,preference_evolution_tracking,b,b,b,solved,solved,default_solved,False,valid
fd81b480-5723-43fe-9fb1-d3efa0df8e49,0,user_shared_fact_recall,b,d,d,error,error,strict_default_error,,valid
60023d63-4f11-47dc-8cef-82e3ca665a68,0,preference_aligned_recommendation,a,a,a,solved,solved,default_solved,False,valid
c8a763a5-a7ae-4047-b1cf-f17204fd1f7d,0,idea_suggestion,b,a,a,error,error,strict_default_error,,valid
ce9c7c39-c600-4971-9a7d-51a46e6c915c,0,idea_suggestion,b,c,a,error,error,strict_default_error,,valid
217481b7-ad97-45d8-988f-abb3f9cf9b34,0,preference_update_reason_recall,c,a,a,error,error,strict_default_error,,valid
b4812983-2c33-48ae-8955-1a19f78f7f54,0,user_shared_fact_recall,b,a,a,error,error,strict_default_error,,valid
344ea859-e70d-48d2-8a97-7b68a104c6ae,0,preference_aligned_recommendation,a,a,a,solved,solved,default_solved,False,valid
c6d22f3d-282f-4e11-b9fd-39e2a687ef18,0,idea_suggestion,a,d,a,error,solved,loose_default_error,False,valid
c2d3daad-6d3b-4852-8830-39f830f6cd01,1,user_shared_fact_recall,b,d,d,error,error,strict_default_error,,valid
96589b76-f0fa-4214-a110-c6f13ef15e83,1,idea_suggestion,b,d,a,error,error,strict_default_error,,valid
2b3ce0bd-d0c2-48e3-8cd8-564905e9fe64,1,preference_aligned_recommendation,c,a,a,error,error,strict_default_error,,valid
b449e614-d27f-4df4-9fb2-b4726a3423d8,1,scenario_generalization,b,a,b,error,solved,loose_default_error,False,valid
3952f3c2-d810-4fd9-a461-8753406142a3,1,preference_update_reason_recall,a,a,c,solved,error,loose_default_error,True,valid
d71b360e-da59-480b-823e-a83e8c320b9c,1,scenario_generalization,c,b,a,error,error,strict_default_error,,valid
7957ef21-86bb-4641-8a06-4ee2272f1c32,1,preference_update_reason_recall,d,a,c,error,error,strict_default_error,,valid
7a4ed201-4f7e-4d9c-a3f3-c5a2b8d424b3,1,user_shared_fact_recall,c,a,a,error,error,strict_default_error,,valid
afd724f4-8174-48d7-b9cd-34421c581550,1,preference_aligned_recommendation,b,b,a,solved,error,loose_default_error,True,valid
32b03409-0710-4afd-89c1-9af72c339b4c,1,scenario_generalization,d,b,b,error,error,strict_default_error,,valid
346a304a-4371-46ac-a8f7-021f25812b52,1,scenario_generalization,c,a,a,error,error,strict_default_error,,valid
848b2923-33da-4ebc-86b5-e70374311fd2,1,preference_update_reason_recall,c,c,c,solved,solved,default_solved,False,valid
221c8369-8ac4-447e-a13c-6088536f9abf,1,preference_update_reason_recall,d,a,a,error,error,strict_default_error,,valid
08814cb2-99dc-441d-b93b-8dcadf7f4859,1,preference_update_reason_recall,b,b,b,solved,solved,default_solved,False,valid
7028667b-f2aa-4e22-a2e3-2bb97f3d9605,1,preference_evolution_tracking,d,d,d,solved,solved,default_solved,False,valid
1da9453e-94f6-4e6d-9ae4-b7481217fdd1,1,preference_evolution_tracking,a,a,c,solved,error,loose_default_error,False,valid
0d49fda3-d417-4a47-9d8d-f6000ffa8097,1,preference_evolution_tracking,c,a,c,error,solved,loose_default_error,False,valid
4ca0a992-6743-4369-95b6-920712f8ef8b,1,preference_evolution_tracking,c,a,a,error,error,strict_default_error,,valid
f04613eb-8eff-4a4c-a191-d2574c87e67b,1,preference_evolution_tracking,c,a,b,error,error,strict_default_error,,valid
002e8df3-cebf-4197-8c16-cb834cc13aef,1,preference_evolution_tracking,c,a,a,error,error,strict_default_error,,valid
d90cadc8-e635-462b-8251-7f8a10734376,1,user_shared_fact_recall,d,c,c,error,error,strict_default_error,,valid
07873ceb-93a3-45fe-9f72-b0c57fd95802,1,idea_suggestion,a,c,a,error,solved,loose_default_error,False,valid
6c4bc600-04c0-41be-841a-a1e149edd522,1,preference_aligned_recommendation,d,a,a,error,error,strict_default_error,,valid
833601fa-de95-4fed-91d6-c9f45d778c84,1,scenario_generalization,c,a,c,error,solved,loose_default_error,False,valid
aa2c7800-7f7d-401b-acfa-9af67910f9f7,1,preference_update_reason_recall,d,a,d,error,solved,loose_default_error,False,valid
2a69f556-c093-4bc3-aa4a-a5acaaec3801,1,scenario_generalization,c,a,a,error,error,strict_default_error,,valid
c7c87a80-78e5-47d8-a068-2bfd244868f1,1,preference_update_reason_recall,b,a,c,error,error,strict_default_error,,valid
cffc32b7-fa14-457f-ac4f-9c060bf2aee1,1,user_shared_fact_recall,b,a,b,error,solved,loose_default_error,False,valid
856b5927-8865-4bb5-b1ac-38f965024508,1,preference_aligned_recommendation,a,a,a,solved,solved,default_solved,False,valid
66ce550d-37a1-43e5-ab56-0b6864d8cbaf,1,scenario_generalization,b,a,a,error,error,strict_default_error,,valid
34e7e867-7730-4bb9-9dcf-bc5a93389b3a,1,scenario_generalization,c,b,a,error,error,strict_default_error,,valid
08430f6d-ada1-46a7-8f15-ddc466ba8a5b,1,idea_suggestion,b,a,a,error,error,strict_default_error,,valid
394bc68d-a4b3-415c-a7d9-6b367fe44e25,1,user_shared_fact_recall,c,a,a,error,error,strict_default_error,,valid
f7be271f-8ee6-4250-ba76-2a72e50623fc,1,scenario_generalization,b,a,d,error,error,strict_default_error,,valid
e3d97461-ec4b-471f-a3f3-e595fdba27e5,1,scenario_generalization,d,a,a,error,error,strict_default_error,,valid
9c209ff7-a6a8-48d8-ab38-e0b8aa2aaef7,3,user_shared_fact_recall,d,b,b,error,error,strict_default_error,,valid
945fb104-45bd-457f-a9a8-19620159e47d,3,preference_aligned_recommendation,c,b,b,error,error,strict_default_error,,valid
d3767473-d464-42c1-9ead-7a61d922f120,3,user_shared_fact_recall,a,a,a,solved,solved,default_solved,True,valid
a966820a-8b42-4ec9-8427-958468f98d3b,3,user_shared_fact_recall,a,a,a,solved,solved,default_solved,True,valid
b51ec779-8dcc-4cef-860e-d9c3a6c622a6,3,idea_suggestion,b,d,a,error,error,strict_default_error,,valid
0a2a9eea-f552-4b6c-a224-4c499e158bbf,3,user_shared_fact_recall,c,a,c,error,solved,loose_default_error,False,valid
d4562a36-f9aa-4dcb-9033-434e5a1a4535,3,preference_update_reason_recall,a,a,a,solved,solved,default_solved,False,valid
49d46938-6c90-41e0-b16b-b81e626bec0e,3,preference_update_reason_recall,b,b,b,solved,solved,default_solved,False,valid
bd08c0d8-fd79-408f-8014-90f0f1f4e890,3,preference_update_reason_recall,b,b,b,solved,solved,default_solved,False,valid
17273334-b524-4398-baae-bfb459f149e0,3,preference_update_reason_recall,c,a,c,error,solved,loose_default_error,False,valid
5547721c-f72d-41cf-bfb5-65757d11807b,3,preference_evolution_tracking,b,a,a,error,error,strict_default_error,,valid
5e785751-2e80-460f-8a43-061f1ed9614e,3,preference_evolution_tracking,a,a,a,solved,solved,default_solved,False,valid
daf0858c-cc77-4427-99bb-a5cd9e229688,3,preference_evolution_tracking,c,b,c,error,solved,loose_default_error,False,valid
bb0462d3-2527-4ed2-ac75-2869d57c851c,3,preference_evolution_tracking,d,d,d,solved,solved,default_solved,False,valid
a343bbd4-e356-41e0-886c-663304809410,3,preference_evolution_tracking,c,a,a,error,error,strict_default_error,,valid
8f6defba-992d-45f1-9a7d-dded76e6e5d5,3,user_shared_fact_recall,d,c,c,error,error,strict_default_error,,valid
0874afed-abd8-485c-b509-c06843a937cc,3,preference_aligned_recommendation,d,c,c,error,error,strict_default_error,,valid
e79df41d-f6bb-43e5-acbd-b8cd732bac98,3,user_shared_fact_recall,a,d,a,error,solved,loose_default_error,False,valid
9f8314e7-1429-4dc8-89d9-13ee94201379,3,user_shared_fact_recall,d,d,a,solved,error,loose_default_error,False,valid
c780b296-860d-4032-8580-154286255c00,3,idea_suggestion,b,d,a,error,error,strict_default_error,,valid
5b19b568-0c8f-43ac-8fdc-7f0ce67604e5,3,user_shared_fact_recall,d,a,a,error,error,strict_default_error,,valid
24a0c4fd-b363-46ac-aae6-bfb23ef5e759,3,user_shared_fact_recall,c,a,c,error,solved,loose_default_error,False,valid
eb59980c-508c-4963-96d4-27ecf3c12b04,3,idea_suggestion,c,a,a,error,error,strict_default_error,,valid
bfbfeca4-9d35-46c3-9f25-fac27c44b0f1,3,scenario_generalization,a,a,d,solved,error,loose_default_error,False,valid
8823918d-36cc-4caa-87f7-075f846a0be5,3,preference_update_reason_recall,d,d,d,solved,solved,default_solved,False,valid
0e5d627f-9f3e-4870-9943-196ae3ce59c9,6,user_shared_fact_recall,a,a,a,solved,solved,default_solved,True,valid
53bb55a3-2ca8-4ab5-a590-f8b68f491128,6,user_shared_fact_recall,b,a,a,error,error,strict_default_error,,valid
f8edd318-d6b7-4943-a60c-c02e54f203d3,6,idea_suggestion,d,d,a,solved,error,loose_default_error,True,valid
fe2e91a8-fd23-4ea7-a3f1-722a0396712d,6,user_shared_fact_recall,c,a,a,error,error,strict_default_error,,valid
b8e89a15-dbb5-4309-868a-3755bcb6b5da,6,user_shared_fact_recall,a,a,a,solved,solved,default_solved,False,valid
6ea0364f-7aab-4342-ada2-383eea15cb5b,6,preference_update_reason_recall,a,a,a,solved,solved,default_solved,False,valid
a53dba76-2124-4083-9e61-d822ce4ce096,6,preference_update_reason_recall,b,a,a,error,error,strict_default_error,,valid
b6b02fef-10f1-444b-beb6-178ccbe55001,6,preference_update_reason_recall,c,c,c,solved,solved,default_solved,False,valid
dbbd6663-a17f-4b84-8579-6d39ad99c738,6,preference_update_reason_recall,a,a,a,solved,solved,default_solved,False,valid
ac681d8e-d3da-4f5c-93c1-46443fc77de9,6,preference_evolution_tracking,b,a,b,error,solved,loose_default_error,False,valid
c0cabd9b-7aa1-4893-bada-aed1c9f3c24c,6,preference_evolution_tracking,b,a,b,error,solved,loose_default_error,False,valid
645b4647-5c04-47e3-a7e6-b3987fdb6a12,6,preference_evolution_tracking,c,a,c,error,solved,loose_default_error,False,valid
d23ab70b-c037-44ae-95a8-f4ad0ad9e73b,6,preference_evolution_tracking,b,b,b,solved,solved,default_solved,False,valid
ca958afd-7fb1-497b-9234-735115cc3813,6,preference_evolution_tracking,a,a,d,solved,error,loose_default_error,False,valid
56fb1ba3-55fa-41a9-b638-28622623534b,6,preference_evolution_tracking,c,b,c,error,solved,loose_default_error,False,valid
bdeba04a-c530-4d9f-8f1c-b28ef539cd37,6,preference_evolution_tracking,d,b,a,error,error,strict_default_error,,valid
89ba47ad-caf3-490b-85f4-c1ef0f888cbf,6,user_shared_fact_recall,d,d,a,solved,error,loose_default_error,False,valid
3e94a3d2-3b81-4e80-a013-32a6856edf72,6,user_shared_fact_recall,b,a,c,error,error,strict_default_error,,valid
2eb97916-b63b-46a1-8b9c-b3806962eb2c,6,idea_suggestion,d,d,a,solved,error,loose_default_error,True,valid
f861c1ff-df77-47fe-98b7-aa5b4f5c50c1,6,user_shared_fact_recall,b,a,d,error,error,strict_default_error,,valid
93986f1c-0b49-4703-b42c-e3e03e85f66c,6,idea_suggestion,c,a,a,error,error,strict_default_error,,valid
2886f3ad-970c-42b5-a08a-4b0ebabd0415,6,user_shared_fact_recall,a,a,c,solved,error,loose_default_error,False,valid
72b88202-c053-4bf6-a2f5-74c3dc202232,6,preference_aligned_recommendation,d,a,d,error,solved,loose_default_error,False,valid
6e420bd9-752a-4a98-a6a2-1ffe8df80a7f,6,idea_suggestion,d,a,a,error,error,strict_default_error,,valid
2423674e-5d00-485d-a4a3-8793b9712c7b,6,user_shared_fact_recall,a,d,a,error,solved,loose_default_error,False,valid
7aac7481-e0a2-4d04-b1ca-f921c75eaea2,6,preference_aligned_recommendation,a,b,b,error,error,strict_default_error,,valid
271aa33d-1ea3-4cf2-97d2-78b7d23a58cb,6,user_shared_fact_recall,c,a,a,error,error,strict_default_error,,valid
d0ac9ffe-0e45-43e2-8f5b-01f86f14862e,7,preference_aligned_recommendation,b,a,a,error,error,strict_default_error,,valid
ef58fe32-4af7-4868-b429-e0bdb1d04133,7,scenario_generalization,c,a,a,error,error,strict_default_error,,valid
d80ee643-8c12-408a-8198-ef5dc96e5f60,7,preference_update_reason_recall,a,a,a,solved,solved,default_solved,False,valid
e870342f-b57c-4469-b5b6-0b97cd3385ce,7,idea_suggestion,b,d,a,error,error,strict_default_error,,valid
a5f2c2cd-54d5-471b-8585-ee0470dbe7e5,7,user_shared_fact_recall,b,a,a,error,error,strict_default_error,,valid
fab91041-4ce8-4082-9057-208230e3b410,7,scenario_generalization,c,b,b,error,error,strict_default_error,,valid
041f9935-dc59-48ae-bf1e-722637bd5af5,7,preference_update_reason_recall,b,d,b,error,solved,loose_default_error,False,valid
125bfe37-0589-4c4e-879d-3409857a2053,7,user_shared_fact_recall,a,d,b,error,error,strict_default_error,,valid
fcad8bb2-fcd3-4019-bec0-b8f6c4bcd1b1,7,idea_suggestion,c,a,a,error,error,strict_default_error,,valid
78000568-f3a3-4cad-a923-c5b99366e4b5,7,scenario_generalization,d,b,b,error,error,strict_default_error,,valid
0d2259ae-1432-46a9-81e7-e3b3e3be5cc9,7,latest_preference_acknowledgement,c,d,c,error,solved,loose_default_error,False,valid
89393cad-6d64-438d-a897-d0784d7eb3b1,7,user_shared_fact_recall,b,a,b,error,solved,loose_default_error,False,valid
750e5313-939d-4229-9c36-1101c33b36b0,7,preference_update_reason_recall,d,d,d,solved,solved,default_solved,False,valid
67bec3f4-df73-4dbe-9dc2-74be96ebc51c,7,preference_update_reason_recall,c,c,c,solved,solved,default_solved,False,valid
5306bf92-97e1-4abb-a4e9-c20c3dbc2a33,7,preference_update_reason_recall,c,a,c,error,solved,loose_default_error,False,valid
5707eaf2-da2a-4ab2-96a8-048eec7e5d06,7,preference_evolution_tracking,d,a,c,error,error,strict_default_error,,valid
9592f158-a1a2-48d4-8505-d14f65745900,7,preference_evolution_tracking,b,b,b,solved,solved,default_solved,True,valid
05ccbf01-5087-49bb-91e4-d8a6d6f85971,7,preference_evolution_tracking,d,a,d,error,solved,loose_default_error,False,valid
65b594bf-29eb-40da-859b-ff7b6eadb1ec,7,preference_evolution_tracking,a,a,a,solved,solved,default_solved,False,valid
8a9b6111-b02d-4b1c-91c6-709dce04ed32,7,preference_evolution_tracking,c,a,c,error,solved,loose_default_error,False,valid
40d94e80-9557-48dc-9101-1cc6c12486a9,7,preference_aligned_recommendation,b,c,c,error,error,strict_default_error,,valid
59251abf-fbe1-4c67-9934-1595ac87d0d4,7,scenario_generalization,d,a,d,error,solved,loose_default_error,False,valid
22a34129-e3f7-4f23-ba8d-f65488535837,7,preference_update_reason_recall,c,a,c,error,solved,loose_default_error,False,valid
3a785b51-234f-40c5-aac9-58c3a9a47333,7,idea_suggestion,c,d,a,error,error,strict_default_error,,valid
e12b0c88-fa61-410f-acd7-2cfeda5a365a,7,user_shared_fact_recall,a,d,d,error,error,strict_default_error,,valid
384780f3-0521-4533-ac91-c02c828558ba,7,scenario_generalization,d,a,c,error,error,strict_default_error,,valid
09575047-a54e-42fe-a649-468917e3934b,7,preference_update_reason_recall,d,a,a,error,error,strict_default_error,,valid
f962c668-b7ea-4270-9ed3-ffe537b606de,7,user_shared_fact_recall,a,a,a,solved,solved,default_solved,True,valid
429813e9-49b8-478a-91b1-a4123f650adc,7,idea_suggestion,a,c,a,error,solved,loose_default_error,False,valid
40152bdb-d02c-4453-9129-ba27ce51bb92,7,scenario_generalization,c,a,b,error,error,strict_default_error,,valid
3a8c2fed-7278-4c1b-b6a1-f9a388c83dd3,7,preference_update_reason_recall,b,b,b,solved,solved,default_solved,False,valid
70df2ae0-bbf9-4417-9b92-eeab8b37f398,7,preference_update_reason_recall,b,b,b,solved,solved,default_solved,False,valid
84c1f97e-5425-4e36-a536-8a558d51083c,7,preference_update_reason_recall,a,a,a,solved,solved,default_solved,False,valid
d0a587cb-1cdb-4da8-a1d9-0da95ea20692,7,preference_evolution_tracking,a,a,d,solved,error,loose_default_error,False,valid
9492b5c4-d599-44bf-841b-984df1980afb,7,preference_evolution_tracking,a,a,a,solved,solved,default_solved,False,valid
5117e665-5204-44ae-9946-0c984965c04e,7,preference_evolution_tracking,d,a,d,error,solved,loose_default_error,False,valid
505211c2-1447-48b7-8996-216cbb7074cc,7,preference_evolution_tracking,a,a,a,solved,solved,default_solved,False,valid
565d9692-1304-4f6e-b972-9a45acab7526,7,preference_evolution_tracking,d,a,d,error,solved,loose_default_error,False,valid
8d59e794-0543-428a-983c-314e5fbafa1c,8,user_shared_fact_recall,a,b,a,error,solved,loose_default_error,False,valid
ba0bfd50-a1f2-40ea-8d43-168771beae1e,8,preference_aligned_recommendation,a,a,d,solved,error,loose_default_error,False,valid
2bc21867-0902-43e7-b186-6203fc477d93,8,idea_suggestion,b,d,a,error,error,strict_default_error,,valid
87241969-a1c4-47d7-a4d0-3308f9ca481f,8,scenario_generalization,c,a,b,error,error,strict_default_error,,valid
e097c88d-64d2-49ba-9577-7920d02fad59,8,preference_update_reason_recall,a,a,b,solved,error,loose_default_error,True,valid
d06f511a-0fd8-4ee0-8c35-fd3a87fd35ec,8,idea_suggestion,b,a,a,error,error,strict_default_error,,valid
80cae57b-3f24-444b-b39c-8fae39e7ca68,8,scenario_generalization,b,d,a,error,error,strict_default_error,,valid
3903b4e6-b412-4900-b435-5a4d4b955d1b,8,user_shared_fact_recall,c,c,a,solved,error,loose_default_error,False,valid
76023b41-59fc-4281-8923-1cf482bde3a1,8,preference_aligned_recommendation,b,b,c,solved,error,loose_default_error,False,valid
23fb53b4-8baf-4da6-98a3-20e52ff2ab6e,8,preference_update_reason_recall,a,a,a,solved,solved,default_solved,False,valid
d3cd52cc-ccdb-4131-813b-e49a7e1179a9,8,preference_update_reason_recall,c,c,c,solved,solved,default_solved,False,valid
62993163-e56f-4366-9966-a4a9fe6e4ec1,8,preference_update_reason_recall,d,d,d,solved,solved,default_solved,False,valid
8b43e847-78ca-408d-b90d-926c75b66c24,8,preference_evolution_tracking,c,a,c,error,solved,loose_default_error,False,valid
32cc4279-77fc-447f-95aa-b3a394d16ef3,8,preference_evolution_tracking,b,a,b,error,solved,loose_default_error,False,valid
ead3e803-ac45-4c5d-a76e-014f906ff0f6,8,preference_evolution_tracking,d,d,d,solved,solved,default_solved,False,valid
02ef23df-c3ee-4ca4-9580-eec1144cf2e9,8,preference_evolution_tracking,c,a,c,error,solved,loose_default_error,False,valid
229ccded-6125-490e-9695-e6869d5049b2,8,user_shared_fact_recall,a,a,a,solved,solved,default_solved,False,valid
6cacb235-3562-4414-a34d-a8ec14ee1811,8,preference_aligned_recommendation,d,a,c,error,error,strict_default_error,,valid
4584bcf9-fc47-4873-b0ae-5b5f804b20b8,8,idea_suggestion,d,a,a,error,error,strict_default_error,,valid
6c67f424-e429-4b61-b37d-3ae1fefc0386,8,scenario_generalization,a,a,d,solved,error,loose_default_error,False,valid
9ebf5bf6-1632-410b-974a-20995654077c,8,preference_update_reason_recall,d,a,d,error,solved,loose_default_error,False,valid
7983f1b5-bd7d-456a-b2ea-2bbefc320507,8,idea_suggestion,b,a,c,error,error,strict_default_error,,valid
ff9ba1de-07d6-4240-aa4f-dd0989951808,8,scenario_generalization,d,b,a,error,error,strict_default_error,,valid
d43bdf34-9dfb-4792-8e76-6b5780633457,8,user_shared_fact_recall,c,c,c,solved,solved,default_solved,False,valid
c2a1dab2-d6b6-4d30-bf55-bb7d1467e923,8,preference_aligned_recommendation,c,a,c,error,solved,loose_default_error,False,valid
27b61c09-e5ab-4d00-b395-eea8ee619b70,8,preference_update_reason_recall,a,a,a,solved,solved,default_solved,False,valid
63891dab-5f6d-41ce-9909-9a2a9d7009c2,8,preference_update_reason_recall,d,d,d,solved,solved,default_solved,False,valid
950f4a03-fb59-428b-8c32-2b4a591cd29b,8,preference_update_reason_recall,d,d,d,solved,solved,default_solved,False,valid
4fdef36f-ebfb-4983-9a6a-9992985d4a47,8,preference_evolution_tracking,a,b,a,error,solved,loose_default_error,False,valid
58257829-bdae-4d88-a71f-d866a179c243,8,preference_evolution_tracking,a,a,c,solved,error,loose_default_error,False,valid
d3c87d0b-b8e9-4ad3-80dd-440da22899ec,8,preference_evolution_tracking,c,a,c,error,solved,loose_default_error,False,valid
2c7661cc-4a9f-4520-932b-46ec48f122c5,8,preference_evolution_tracking,b,a,a,error,error,strict_default_error,,valid
e6ee8c1b-b4bf-4b6f-bb5b-273a7066f94b,9,user_shared_fact_recall,a,a,a,solved,solved,default_solved,False,valid
6310b525-6051-4cba-9e7e-638b3eba935f,9,preference_aligned_recommendation,b,a,b,error,solved,loose_default_error,False,valid
08eb771b-47e2-434a-bea3-7ee96b6948c2,9,idea_suggestion,b,a,a,error,error,strict_default_error,,valid
e65899d6-4bcb-4534-9e06-50d3da9bb47a,9,user_shared_fact_recall,c,a,c,error,solved,loose_default_error,False,valid
b08169cb-e02a-4cfa-bfd5-182c6fed3139,9,scenario_generalization,b,a,a,error,error,strict_default_error,,valid
da01953c-12f8-4b4c-81ec-2efbde72162f,9,preference_update_reason_recall,a,,b,parse_invalid,error,t0_parse_invalid,,invalid
3158e226-c4dd-45ce-8194-ea935cf08555,9,user_shared_fact_recall,c,b,b,error,error,strict_default_error,,valid
00a0d533-5f7b-4970-b264-875f0d5e5912,9,scenario_generalization,d,a,a,error,error,strict_default_error,,valid
0adf58d8-c519-406c-9f58-f298060d404d,9,latest_preference_acknowledgement,c,c,c,solved,solved,default_solved,False,valid
e71931f6-5626-4996-9800-fe51564680f4,9,idea_suggestion,b,a,a,error,error,strict_default_error,,valid
0a90b38b-9bdf-437b-a4ee-fb671162c430,9,user_shared_fact_recall,d,a,a,error,error,strict_default_error,,valid
43d42352-b165-4ec5-a1c5-11803e793833,9,preference_aligned_recommendation,c,a,d,error,error,strict_default_error,,valid
7b675c87-19db-4124-8583-b1666a332284,9,user_shared_fact_recall,c,a,a,error,error,strict_default_error,,valid
f740d2d7-3cec-4568-824c-95164aff05f3,9,user_shared_fact_recall,d,a,d,error,solved,loose_default_error,True,valid
2aa34e34-c074-4d1d-8bf0-f45716dbfd53,9,preference_aligned_recommendation,b,a,b,error,solved,loose_default_error,True,valid
4906e212-1279-4f04-8f19-27e3a23c5adc,9,preference_update_reason_recall,d,d,d,solved,solved,default_solved,False,valid
9e935fd2-56ab-41c5-b74a-e5b995435289,9,preference_update_reason_recall,a,a,a,solved,solved,default_solved,False,valid
cdfbd63d-4199-4b39-9a98-bdeef49d6c5d,9,preference_evolution_tracking,c,c,c,solved,solved,default_solved,False,valid
26e1084c-2235-4dd6-9637-4f7b8990ac37,9,preference_evolution_tracking,c,b,c,error,solved,loose_default_error,False,valid
10920f3b-f672-4d7f-89ad-2fe1f63d7151,9,preference_evolution_tracking,c,a,b,error,error,strict_default_error,,valid
0db82c52-bb20-49ae-87ca-abdafbe767a1,9,preference_evolution_tracking,c,a,d,error,error,strict_default_error,,valid
46e58937-d73e-4d8e-b0ff-e6cded31c6a8,9,preference_evolution_tracking,a,a,a,solved,solved,default_solved,False,valid
aee66382-5cc9-401d-9963-fc71bc8e9278,9,preference_evolution_tracking,d,a,d,error,solved,loose_default_error,False,valid
2406adc4-181d-4023-96a1-7afbb949761e,9,user_shared_fact_recall,a,a,a,solved,solved,default_solved,True,valid
01e1ea0a-c204-4df9-92d0-2c19bc9c0714,9,preference_aligned_recommendation,d,a,d,error,solved,loose_default_error,True,valid
259ba9ef-518f-45b9-a8b3-a25ddc9f2e93,9,idea_suggestion,c,a,a,error,error,strict_default_error,,valid
3f296614-1dfa-49fe-af43-6f39327fe20a,9,user_shared_fact_recall,d,a,b,error,error,strict_default_error,,valid
436e377a-98ba-44fc-809c-1743bbf4e033,9,scenario_generalization,c,a,a,error,error,strict_default_error,,valid
ae306d03-65ea-4744-b119-38b0eaf0b862,9,preference_update_reason_recall,b,,a,parse_invalid,error,t0_parse_invalid,,invalid
2bfdcdc8-1052-4c38-902f-1a023d41509d,9,user_shared_fact_recall,b,d,d,error,error,strict_default_error,,valid
b35349e0-993b-452a-bb5e-67668833b39b,9,scenario_generalization,a,d,b,error,error,strict_default_error,,valid
cd81feb9-3f8f-4f10-b187-a6824b4effcd,9,latest_preference_acknowledgement,b,b,b,solved,solved,default_solved,False,valid
aa359f37-2eb6-4604-a3e5-07a066de210d,9,idea_suggestion,c,a,a,error,error,strict_default_error,,valid
a719edb3-a43f-4792-b820-fb45293c4e19,9,user_shared_fact_recall,b,a,c,error,error,strict_default_error,,valid
7cab425e-da59-433d-916f-03ea3d1a4f76,9,preference_aligned_recommendation,c,a,c,error,solved,loose_default_error,False,valid
e0750f28-3c10-41f1-a017-a7a0a18079df,9,idea_suggestion,b,a,a,error,error,strict_default_error,,valid
d0e15e11-6768-4cb6-825a-1deee7ba5e29,9,user_shared_fact_recall,d,b,b,error,error,strict_default_error,,valid
8e7408fb-a837-4eb4-9426-a39ff3e27943,9,user_shared_fact_recall,d,a,d,error,solved,loose_default_error,False,valid
fe0aa9a2-d28f-40ee-bb7c-cd90fe8ee55b,9,idea_suggestion,d,a,c,error,error,strict_default_error,,valid
b502d7dc-2345-41a3-8a22-0fb9ff719c9e,9,preference_update_reason_recall,c,c,c,solved,solved,default_solved,False,valid
2b969ce1-cf22-4f80-af89-f42e57ad7c49,10,user_shared_fact_recall,a,b,b,error,error,strict_default_error,,valid
7c339c29-79db-4ec4-85f1-a11dae5dbdf4,10,user_shared_fact_recall,b,b,b,solved,solved,default_solved,False,valid
18f3405b-f1bb-4562-acc2-8ff340b3f9f0,10,user_shared_fact_recall,c,a,a,error,error,strict_default_error,,valid
35dae3c4-7bd6-4f65-af6e-747d7d326556,10,idea_suggestion,a,b,b,error,error,strict_default_error,,valid
8a0ef305-5241-45fe-aa84-e37a2bab08f9,10,idea_suggestion,b,d,a,error,error,strict_default_error,,valid
e48cb6ad-1629-4107-befb-7f2c3ce4e65d,10,scenario_generalization,b,a,c,error,error,strict_default_error,,valid
0d78111b-103a-4b6e-a285-4d986a712ac8,10,latest_preference_acknowledgement,c,a,b,error,error,strict_default_error,,valid
61769393-ef00-4764-8b59-622ee660b1cb,10,idea_suggestion,b,b,b,solved,solved,default_solved,True,valid
973a3e15-4456-4ff5-9880-6c7b46d3b13e,10,scenario_generalization,a,a,c,solved,error,loose_default_error,False,valid
d83d7e84-1ea3-461c-8916-0d519efe092e,10,user_shared_fact_recall,c,b,a,error,error,strict_default_error,,valid
098bb7ce-49fb-457e-a8bd-82a6dc63c060,10,user_shared_fact_recall,d,c,c,error,error,strict_default_error,,valid
95562a0a-504a-42b5-84e4-f28c7cbcfdbc,10,preference_aligned_recommendation,c,a,a,error,error,strict_default_error,,valid
59eec48a-de28-4440-8c16-b6f5f16e2a8d,10,preference_update_reason_recall,b,a,b,error,solved,loose_default_error,False,valid
174f7ff6-7d8b-422a-9d9c-58ce375ae7a7,10,preference_update_reason_recall,d,b,d,error,solved,loose_default_error,False,valid
46e45248-78b8-4d63-b37b-85fea6f18226,10,preference_update_reason_recall,c,c,c,solved,solved,default_solved,True,valid
967fb769-c702-4170-8e88-e56d0e06739f,10,preference_update_reason_recall,c,c,c,solved,solved,default_solved,False,valid
abc977e6-cdfc-4515-a3ee-791d0a7aa6c1,10,preference_evolution_tracking,d,a,a,error,error,strict_default_error,,valid
c2c223e2-36e7-4af5-89b5-6caf6fa0c877,10,preference_evolution_tracking,b,a,b,error,solved,loose_default_error,True,valid
8d9b6647-62f0-4830-9f4a-babf48e22e71,10,preference_evolution_tracking,d,a,d,error,solved,loose_default_error,False,valid
f10a577a-5389-4953-a3c3-2e486d21adba,10,preference_evolution_tracking,a,a,a,solved,solved,default_solved,True,valid
273ed74c-6547-40f1-9e82-459826e00b6b,10,preference_evolution_tracking,c,a,c,error,solved,loose_default_error,False,valid
a09f9d41-c40f-4b86-b94e-03691a4bd945,10,preference_aligned_recommendation,c,a,a,error,error,strict_default_error,,valid
9725f89b-da19-4ab0-8aba-f7be3d579bac,10,idea_suggestion,b,d,d,error,error,strict_default_error,,valid
da695006-b689-41c5-8669-709280b2b57a,10,user_shared_fact_recall,b,a,a,error,error,strict_default_error,,valid
863adfaa-d193-4f89-9925-f07f41333d32,10,latest_preference_acknowledgement,a,d,a,error,solved,loose_default_error,False,valid
ad0031a6-d841-441b-9e91-e7657ec586be,10,idea_suggestion,a,c,b,error,error,strict_default_error,,valid
69a9cb00-d44e-43c1-b93d-2d6a9e0614c0,10,user_shared_fact_recall,a,a,a,solved,solved,default_solved,True,valid
6d791bd6-7afd-4b9e-ad78-a5fcec662330,10,idea_suggestion,d,c,c,error,error,strict_default_error,,valid
c7634ed9-4ad0-4a3f-aafa-ece3cf612b7d,10,user_shared_fact_recall,a,a,a,solved,solved,default_solved,True,valid
026b9168-9749-4ed5-bffc-cc972079a0d9,10,idea_suggestion,d,c,a,error,error,strict_default_error,,valid
38eb7c8c-7d0b-42bf-9a12-bba4d5469129,10,scenario_generalization,c,a,a,error,error,strict_default_error,,valid
ea3a9074-b57e-415c-8626-c17acd6bf6cf,10,preference_aligned_recommendation,d,a,d,error,solved,loose_default_error,False,valid
c0c4fb2f-d06d-44f1-8d68-66153f057509,10,idea_suggestion,c,b,a,error,error,strict_default_error,,valid
4534d8e3-44fc-4f72-9316-59a88ebd9e42,13,user_shared_fact_recall,b,b,c,solved,error,loose_default_error,False,valid
43653af1-207b-4de7-b29c-df5c9e29ead8,13,idea_suggestion,c,d,a,error,error,strict_default_error,,valid
bd19b555-7c4a-401e-8033-36658ee6650a,13,user_shared_fact_recall,a,d,d,error,error,strict_default_error,,valid
112eeb1b-84d0-47b2-a983-4cb3a0b8287f,13,idea_suggestion,b,a,d,error,error,strict_default_error,,valid
f7083e6c-28fe-4c88-83c8-3f9d07bd7ff2,13,user_shared_fact_recall,b,a,a,error,error,strict_default_error,,valid
52ec42c1-8bcf-4759-ac61-df05238ddc3f,13,scenario_generalization,c,c,b,solved,error,loose_default_error,False,valid
43436dbb-4b3e-4f1d-a2eb-fa61b16935f8,13,preference_update_reason_recall,b,a,b,error,solved,loose_default_error,False,valid
f39c5ab8-1ac1-4212-b505-5aed88cbb5dc,13,latest_preference_acknowledgement,a,a,a,solved,solved,default_solved,True,valid
80953f1f-405b-4cd6-8919-06744756773d,13,user_shared_fact_recall,c,b,c,error,solved,loose_default_error,True,valid
f7b31f4b-e088-4a2e-a505-1e3cd7426e9e,13,idea_suggestion,d,a,a,error,error,strict_default_error,,valid
d7b6a963-7e3c-4f57-8d95-6a11200e3006,13,scenario_generalization,c,a,a,error,error,strict_default_error,,valid
16f4886c-e2e0-4777-affd-c13f4245b6e2,13,preference_update_reason_recall,b,b,b,solved,solved,default_solved,False,valid
0a1ab1fe-7bb5-41bb-913e-fb3554a9c08a,13,preference_update_reason_recall,d,d,d,solved,solved,default_solved,False,valid
5192a102-a3fd-4134-9cdb-eb3fd3c2ad89,13,preference_evolution_tracking,c,a,c,error,solved,loose_default_error,False,valid
42b82377-83d3-4ac2-909f-dd8996b08c1d,13,preference_evolution_tracking,c,c,c,solved,solved,default_solved,False,valid
7d41fe64-def7-42a3-997f-5e296a22484a,13,preference_evolution_tracking,d,a,d,error,solved,loose_default_error,False,valid
6dbbb830-c7ef-4e78-b7ce-fe7fe6406c64,13,preference_evolution_tracking,b,a,a,error,error,strict_default_error,,valid
b3e1f0b5-3268-48c0-8d4d-b2d65e3aa27f,13,preference_evolution_tracking,d,a,a,error,error,strict_default_error,,valid
107f0225-7615-40f2-8372-b4a68b26dbc2,13,preference_evolution_tracking,a,a,a,solved,solved,default_solved,False,valid
34c6988d-ac16-4fff-8736-2e65de785b39,13,user_shared_fact_recall,a,a,a,solved,solved,default_solved,True,valid
783c8c96-60be-42d5-8d35-925860ab8101,13,idea_suggestion,d,a,a,error,error,strict_default_error,,valid
3c476cc8-eec7-4c50-8b5d-02624ce375fd,13,user_shared_fact_recall,a,d,d,error,error,strict_default_error,,valid
57154824-9041-47ce-ae17-27b93e7cd1ce,13,idea_suggestion,d,a,c,error,error,strict_default_error,,valid
44c04db4-7f3c-4af9-b1a2-7aebfe0b27c8,13,user_shared_fact_recall,c,d,a,error,error,strict_default_error,,valid
26c8dc2f-4853-4b2c-a364-2ce50899a592,13,scenario_generalization,d,d,c,solved,error,loose_default_error,False,valid
0a5a3e25-94fd-4b9b-b952-407387cb9b8a,13,preference_update_reason_recall,c,,c,parse_invalid,solved,t0_parse_invalid,False,invalid
6070c2c8-123e-466a-8531-e0c353e46872,13,user_shared_fact_recall,b,b,c,solved,error,loose_default_error,True,valid
6defbf8e-0c2e-42f6-99e0-809ec183852e,13,preference_aligned_recommendation,b,a,c,error,error,strict_default_error,,valid
3f9ab18a-b296-4626-8ebc-906e1e233112,13,latest_preference_acknowledgement,a,a,a,solved,solved,default_solved,False,valid
df0fb7c3-10f0-47ee-940c-72c57be7bfa5,13,user_shared_fact_recall,b,a,b,error,solved,loose_default_error,False,valid
63f0c40f-a1c8-4e5d-af0a-37bc2b317185,13,idea_suggestion,c,a,a,error,error,strict_default_error,,valid
ae82f82f-f6cb-4467-a7bc-55bcefb640ec,13,scenario_generalization,b,a,b,error,solved,loose_default_error,False,valid
d72d5e18-1633-48a6-8d01-824992353c91,13,idea_suggestion,c,a,a,error,error,strict_default_error,,valid
4c2d81ce-4d7c-4749-b279-015e54d06032,13,user_shared_fact_recall,b,,c,parse_invalid,error,t0_parse_invalid,,invalid
204043d9-1e4a-4687-838e-9d6a50103321,13,scenario_generalization,d,c,c,error,error,strict_default_error,,valid
6664ebb1-75e6-4e1a-9752-1fad2516c5c7,13,preference_update_reason_recall,d,d,a,solved,error,loose_default_error,False,valid
29c557de-15e3-43c5-b416-de5d4f1845e5,15,user_shared_fact_recall,d,d,d,solved,solved,default_solved,False,valid
0034a537-925f-448b-b275-eae07f3d9ae5,15,user_shared_fact_recall,d,c,c,error,error,strict_default_error,,valid
4b803069-7679-411e-8310-d885e6ed1e7d,15,user_shared_fact_recall,c,a,c,error,solved,loose_default_error,False,valid
d0b826d3-9805-416c-a8a8-343ffe1c9098,15,user_shared_fact_recall,a,a,c,solved,error,loose_default_error,False,valid
f5fbee78-8b66-4ed1-939e-2a53c04f644e,15,scenario_generalization,d,a,a,error,error,strict_default_error,,valid
e15e965d-96ff-4780-8cb9-f3b1945cd50e,15,preference_update_reason_recall,c,d,d,error,error,strict_default_error,,valid
3315a6fd-fcc2-4101-8766-f6b01d457713,15,preference_update_reason_recall,d,d,d,solved,solved,default_solved,False,valid
1dc1cb2f-1daf-4780-bb1d-2484f10387b5,15,preference_update_reason_recall,a,a,a,solved,solved,default_solved,False,valid
39e2f857-38f2-47c5-88c2-ee641e8b9615,15,preference_update_reason_recall,b,b,b,solved,solved,default_solved,False,valid
5b89afd0-0a1f-471b-a848-93519f8eb376,15,preference_evolution_tracking,d,a,a,error,error,strict_default_error,,valid
4a06a8de-6b6e-47f7-b180-56b456cba67c,15,preference_evolution_tracking,c,a,c,error,solved,loose_default_error,False,valid
8cae7439-ffad-44ab-b635-e20d2270933c,15,preference_evolution_tracking,a,a,a,solved,solved,default_solved,False,valid
a7047cab-ee44-409d-917e-1dddcbed8af7,15,preference_evolution_tracking,a,a,a,solved,solved,default_solved,False,valid
6d9d885e-b8fd-47c7-9be8-8b3b35561b05,15,preference_evolution_tracking,b,a,a,error,error,strict_default_error,,valid
8a619ddd-0b6d-494b-84ca-e1ba71c43631,15,user_shared_fact_recall,d,a,a,error,error,strict_default_error,,valid
029517db-031b-4039-9c93-86eaefd8bd82,15,user_shared_fact_recall,a,b,a,error,solved,loose_default_error,False,valid
f6dbd51f-a87f-4445-b8b3-0d582c1787d2,15,preference_aligned_recommendation,b,b,b,solved,solved,default_solved,False,valid
bf1209ec-2d77-4385-be78-04abfba82f31,15,user_shared_fact_recall,a,a,a,solved,solved,default_solved,True,valid
f7bf0074-42ae-4527-9355-b5c380906767,15,user_shared_fact_recall,a,a,d,solved,error,loose_default_error,False,valid
91f0ec98-5f4e-408b-92cd-83a6dc2b1334,15,preference_aligned_recommendation,d,a,a,error,error,strict_default_error,,valid
ab2ae798-4c7a-45a1-83f7-316ee17efdaf,15,scenario_generalization,d,c,c,error,error,strict_default_error,,valid
a7a72514-257f-427a-90d1-4187b7d883e0,15,user_shared_fact_recall,a,a,d,solved,error,loose_default_error,False,valid
2435e723-0b26-487b-927c-9fabc070b2b0,15,idea_suggestion,d,a,a,error,error,strict_default_error,,valid
c184227e-848c-4bb4-b6e0-04be947a6b5f,17,user_shared_fact_recall,d,a,a,error,error,strict_default_error,,valid
4a1d9313-7e19-446d-b3fa-47f7e7b06b90,17,idea_suggestion,c,a,b,error,error,strict_default_error,,valid
4ac71884-e83c-45b7-9d8b-bd174a42d0cb,17,user_shared_fact_recall,a,a,b,solved,error,loose_default_error,False,valid
205350bb-ab40-4f9a-bcb4-a25cdd61c214,17,preference_aligned_recommendation,d,b,d,error,solved,loose_default_error,True,valid
2ad26a7d-6a5a-499a-8ad2-0f10b7e47b22,17,scenario_generalization,c,a,a,error,error,strict_default_error,,valid
bb7cf8c9-546c-4876-92de-7cddedadc66c,17,preference_update_reason_recall,d,,a,parse_invalid,error,t0_parse_invalid,,invalid
1d914339-dec5-4e6d-90e2-881c5ca505fc,17,idea_suggestion,a,b,b,error,error,strict_default_error,,valid
3d55e422-b2c5-45e2-be17-2d0acb6a11bf,17,preference_update_reason_recall,b,a,a,error,error,strict_default_error,,valid
601809ba-7dd2-4f5f-b888-4a5dd9d55ae0,17,preference_update_reason_recall,d,d,d,solved,solved,default_solved,False,valid
87f464be-7b62-4a6b-abf2-bb6336e76136,17,preference_evolution_tracking,c,a,c,error,solved,loose_default_error,False,valid
526a7682-8adb-462d-bef8-27fb3b833899,17,preference_evolution_tracking,a,a,c,solved,error,loose_default_error,False,valid
af5dd02f-3fa3-4d31-9717-b36e2b5b2862,17,preference_evolution_tracking,a,a,c,solved,error,loose_default_error,False,valid
aa303aec-d355-4dc2-bae6-116e76aa0863,17,preference_evolution_tracking,b,a,a,error,error,strict_default_error,,valid
e0961881-e2b5-4e54-b370-aa6b4d533df9,17,preference_evolution_tracking,c,a,c,error,solved,loose_default_error,False,valid
b845a96d-2a02-4307-94ad-9715c393e863,17,preference_evolution_tracking,a,a,c,solved,error,loose_default_error,False,valid
a407573b-f11e-4ae9-afd8-4fdee2b732ef,17,preference_evolution_tracking,b,a,b,error,solved,loose_default_error,False,valid
bda093fe-9d4b-45a3-81e9-8ebc7bd03336,17,preference_evolution_tracking,b,b,b,solved,solved,default_solved,False,valid
c35b2768-b368-46d8-98d8-e1b3425918ba,17,preference_evolution_tracking,c,a,c,error,solved,loose_default_error,False,valid
c2bcd7cb-2a3c-4318-bb92-7fc102da9b69,17,preference_evolution_tracking,b,b,b,solved,solved,default_solved,False,valid
f338ddc8-f9a8-4744-b41a-39187a428e4c,17,user_shared_fact_recall,d,a,c,error,error,strict_default_error,,valid
94dd239b-538f-456d-8288-9973a0f28d1b,17,idea_suggestion,d,a,a,error,error,strict_default_error,,valid
53a3567c-de36-4e8d-8394-42ac14055b28,17,user_shared_fact_recall,a,b,d,error,error,strict_default_error,,valid
ad77128c-1add-4a9a-a2cb-4298db284720,17,preference_aligned_recommendation,d,a,a,error,error,strict_default_error,,valid
9ac098cd-a109-412a-ad1a-ad90f2f8a6d3,17,scenario_generalization,b,d,d,error,error,strict_default_error,,valid
59eb073a-174e-4115-aa22-b40eb447b1a2,17,preference_update_reason_recall,d,,a,parse_invalid,error,t0_parse_invalid,,invalid
703e0b7b-103f-49fe-ad78-02f9ac6be46e,17,idea_suggestion,c,a,a,error,error,strict_default_error,,valid
84b7867f-531e-44bf-8d44-b5ddff5809d0,17,latest_preference_acknowledgement,c,a,a,error,error,strict_default_error,,valid
06688162-3951-4dad-b5d2-58bc06cad3ff,17,user_shared_fact_recall,a,d,d,error,error,strict_default_error,,valid
f0f1c22f-ab86-4d6f-a017-6cdb7f5e88f4,17,preference_update_reason_recall,d,a,a,error,error,strict_default_error,,valid
1ad2cae4-0111-48b7-8737-48757d5bd73a,17,user_shared_fact_recall,d,a,c,error,error,strict_default_error,,valid
5e856191-b76f-47ec-b5a4-f04893d8a313,17,idea_suggestion,a,d,a,error,solved,loose_default_error,False,valid
ddfcb0a4-e359-48ef-8aa5-ad8114c33e24,17,preference_evolution_tracking,a,a,c,solved,error,loose_default_error,False,valid
d5793edd-353a-4693-97f8-3e62ff136a58,17,preference_evolution_tracking,c,a,c,error,solved,loose_default_error,False,valid
e8a47456-4f95-4230-9a98-0abd824dc3cb,17,preference_evolution_tracking,b,a,b,error,solved,loose_default_error,False,valid
e3f5e3eb-81b1-4095-a268-b8768eacf667,17,preference_evolution_tracking,b,b,c,solved,error,loose_default_error,False,valid
d42599d1-a1b3-4565-9f93-5b100f11da13,18,preference_aligned_recommendation,d,d,d,solved,solved,default_solved,False,valid
aeeb1507-1fed-4d48-82b1-583d9251f07a,18,user_shared_fact_recall,a,a,a,solved,solved,default_solved,True,valid
e294a388-1896-46e0-86bb-38e879989b87,18,preference_aligned_recommendation,b,a,a,error,error,strict_default_error,,valid
34737b01-85e0-4d41-bed6-5845ec2df199,18,idea_suggestion,d,a,a,error,error,strict_default_error,,valid
948ab76b-ba84-4c3b-8683-3d2d9f10283d,18,scenario_generalization,c,a,a,error,error,strict_default_error,,valid
fa985a3e-86fc-4f28-9364-e21597e8017a,18,preference_update_reason_recall,a,b,a,error,solved,loose_default_error,False,valid
3ce11d11-1daf-4765-96da-67f46f612496,18,preference_evolution_tracking,a,a,a,solved,solved,default_solved,False,valid
2d55abab-7e65-448c-9471-8a92eef7434d,18,preference_evolution_tracking,b,b,c,solved,error,loose_default_error,True,valid
acd34913-8363-4059-88c9-f1ff489933b8,18,preference_evolution_tracking,c,c,c,solved,solved,default_solved,False,valid
db54120f-06b7-487d-bff3-ac8f8968a060,18,preference_aligned_recommendation,d,a,d,error,solved,loose_default_error,False,valid
2c85c2a6-07ec-4ab1-92cc-06dc775f4fe8,18,user_shared_fact_recall,d,b,b,error,error,strict_default_error,,valid
db7283be-ad68-479c-8550-a70511133cb9,18,preference_aligned_recommendation,c,a,b,error,error,strict_default_error,,valid
ea7f40eb-ab63-4506-83b0-aa2653b59c6c,18,idea_suggestion,c,d,a,error,error,strict_default_error,,valid
bb3b169c-68f3-4149-a016-643fa7cc8a05,18,scenario_generalization,c,a,a,error,error,strict_default_error,,valid
a9d57942-e8ab-4da3-8d7c-215e6fc4f72c,18,preference_update_reason_recall,b,b,b,solved,solved,default_solved,False,valid
789f0d73-3011-4855-9fae-308b12d9379c,18,preference_evolution_tracking,a,a,a,solved,solved,default_solved,False,valid
4ad48203-acf4-40ff-a51c-32ab8699a875,18,preference_evolution_tracking,b,a,b,error,solved,loose_default_error,False,valid
5192ed85-2542-4790-b36b-3c6ac081289a,18,preference_evolution_tracking,b,b,b,solved,solved,default_solved,False,valid
bb075cda-e99d-407a-aa00-2f35582956af,19,latest_preference_acknowledgement,a,,a,parse_invalid,solved,t0_parse_invalid,False,invalid
edd4d529-a742-4857-a68f-d7629a45cfbe,19,preference_aligned_recommendation,a,a,a,solved,solved,default_solved,False,valid
fc1a78bf-2745-40d8-b6d6-99cb2eb3a688,19,user_shared_fact_recall,b,b,b,solved,solved,default_solved,False,valid
1d0b9872-83cf-46f0-9f3c-9f78d83ea8c1,19,idea_suggestion,c,a,a,error,error,strict_default_error,,valid
986bf2ed-62a8-4009-a2ce-897b9f9617b2,19,user_shared_fact_recall,a,b,d,error,error,strict_default_error,,valid
a3ca851e-aed8-4567-a3aa-a8cfb1434b34,19,preference_aligned_recommendation,b,a,a,error,error,strict_default_error,,valid
7b9b21cf-c225-46ea-8e38-0d827a0152bb,19,idea_suggestion,b,a,a,error,error,strict_default_error,,valid
551f1c93-5edc-4053-8449-e9cf41f5a40a,19,scenario_generalization,c,a,a,error,error,strict_default_error,,valid
7929ddc3-cd4e-4090-8e8c-a3a796de0659,19,user_shared_fact_recall,b,a,b,error,solved,loose_default_error,True,valid
96c59ef8-9667-4acb-960e-7a287ac41276,19,preference_aligned_recommendation,a,c,c,error,error,strict_default_error,,valid
cd8f66f9-1da2-47c0-8a26-4cfbd29fc593,19,preference_update_reason_recall,c,c,c,solved,solved,default_solved,False,valid
27ea48b1-f44c-4681-a0db-a3d8c7a86516,19,preference_evolution_tracking,d,d,d,solved,solved,default_solved,False,valid
ce97ff5a-bf42-4ce7-9d88-a0bebb625119,19,preference_evolution_tracking,c,a,c,error,solved,loose_default_error,False,valid
74932e74-8085-414d-9b7f-5746d4ea2ac9,19,preference_evolution_tracking,b,a,b,error,solved,loose_default_error,False,valid
46d52b93-3dea-4db6-a168-8cd9e2f7e37c,19,preference_evolution_tracking,d,a,d,error,solved,loose_default_error,False,valid
d6d4a4e8-96c4-4b72-bdd3-204b44ec1826,19,latest_preference_acknowledgement,b,,a,parse_invalid,error,t0_parse_invalid,,invalid
41ccce74-d8ca-4a65-8c13-dbfdce953d32,19,preference_aligned_recommendation,d,d,d,solved,solved,default_solved,False,valid
7f7c4177-a11b-4a29-add6-b78ff733799c,19,user_shared_fact_recall,c,c,c,solved,solved,default_solved,False,valid
0178026c-bec6-4728-aae7-612b8b43ec50,19,idea_suggestion,c,a,a,error,error,strict_default_error,,valid
7fa150c3-c80b-446f-9c1e-8d786fda2d35,19,user_shared_fact_recall,a,d,c,error,error,strict_default_error,,valid
28200b70-034f-4c0c-bde7-21754136740d,19,preference_aligned_recommendation,d,a,a,error,error,strict_default_error,,valid
5e576cc9-d661-439a-aa8a-4390e4d17cad,19,idea_suggestion,d,a,a,error,error,strict_default_error,,valid
98072a00-4f4f-4a08-a380-6b6cf46b4774,19,scenario_generalization,a,a,d,solved,error,loose_default_error,False,valid
c1d23911-03b0-4cf0-be14-c433057f42ba,19,user_shared_fact_recall,a,a,d,solved,error,loose_default_error,False,valid
9829acff-ccf7-419f-9564-12e7eb887354,19,scenario_generalization,c,c,a,solved,error,loose_default_error,False,valid
0441a1ba-0d67-47a1-a910-00306910a6e3,19,idea_suggestion,b,a,a,error,error,strict_default_error,,valid
fcfde00b-be10-4c52-922d-85cf7ae9f556,19,preference_update_reason_recall,b,d,d,error,error,strict_default_error,,valid
11102cd9-63fe-4eed-9e76-3416c176bcfa,2,user_shared_fact_recall,c,a,a,error,error,strict_default_error,,valid
e6de60c5-51a2-4d1d-8dd1-1a7342a8ccd9,2,user_shared_fact_recall,d,d,b,solved,error,loose_default_error,False,valid
c0d8eb9c-0a8a-47a0-a2bc-2f6e5724d33a,2,idea_suggestion,a,b,b,error,error,strict_default_error,,valid
14f4861a-612b-462b-9b6b-2d9f0f903be3,2,user_shared_fact_recall,b,a,d,error,error,strict_default_error,,valid
f0147ccb-bc31-4c48-a31b-b93cef0681ba,2,scenario_generalization,d,a,d,error,solved,loose_default_error,False,valid
b28658ae-cd47-42ad-a803-701870a46349,2,scenario_generalization,c,c,c,solved,solved,default_solved,False,valid
9a2412fe-997a-4742-b8bf-7184142febf8,2,preference_update_reason_recall,a,a,a,solved,solved,default_solved,False,valid
c93e738d-6c17-4e45-9a51-23c3b57b1c58,2,preference_update_reason_recall,a,a,a,solved,solved,default_solved,False,valid
6ce5781d-0d4f-44ea-a5dc-bcc92e170023,2,preference_update_reason_recall,b,a,a,error,error,strict_default_error,,valid
f9470ab7-0cf8-41b9-8c28-5e59b56b52cd,2,preference_evolution_tracking,c,b,c,error,solved,loose_default_error,False,valid
18a6e2f5-460f-4fdf-a987-82364fb0ba81,2,preference_evolution_tracking,a,a,c,solved,error,loose_default_error,False,valid
fc1efddc-3e19-41f1-b4a9-1312ed6d9057,2,preference_evolution_tracking,b,a,a,error,error,strict_default_error,,valid
e35caa23-d8d2-47bf-8b2e-38c1f2520491,2,preference_evolution_tracking,b,a,a,error,error,strict_default_error,,valid
5b303337-33a7-45c1-99a0-83ce1b37172c,2,preference_evolution_tracking,c,a,c,error,solved,loose_default_error,False,valid
1856f94d-08f2-427e-b7cb-19705c5bd840,2,user_shared_fact_recall,c,a,a,error,error,strict_default_error,,valid
d7d819ae-248f-4adb-b506-0c647d128940,2,user_shared_fact_recall,b,a,a,error,error,strict_default_error,,valid
ff92b10b-5eaa-4cc7-8a97-2e392059a52a,2,idea_suggestion,a,b,c,error,error,strict_default_error,,valid
e432666f-1c45-4591-9fad-a29a05133577,2,user_shared_fact_recall,b,a,a,error,error,strict_default_error,,valid
e01a1ac3-9a98-4af2-83ef-8336edff80ab,2,scenario_generalization,b,a,b,error,solved,loose_default_error,False,valid
4e673ae2-aedb-4e12-83c9-9cb17e6b2711,2,scenario_generalization,c,a,a,error,error,strict_default_error,,valid
a5bb8751-3354-4c46-b0f4-dad1ea7f6c62,2,preference_update_reason_recall,b,a,b,error,solved,loose_default_error,False,valid
e7c4589a-6e44-499b-b485-77e6cf018933,2,preference_update_reason_recall,a,a,a,solved,solved,default_solved,False,valid
bd3c34d6-052b-497e-a126-a84e5276af9f,2,preference_update_reason_recall,a,a,a,solved,solved,default_solved,False,valid
75e99797-bce8-44c9-a804-eaee941b1dcf,2,preference_evolution_tracking,a,b,a,error,solved,loose_default_error,False,valid
f670ab41-b708-49bb-8201-8ceb79d78b9d,2,preference_evolution_tracking,d,a,d,error,solved,loose_default_error,False,valid
f4fb2664-6d59-4b36-ae63-546e1bbf7ee7,2,preference_evolution_tracking,a,a,a,solved,solved,default_solved,False,valid
fb9e4359-67e5-4024-bb18-16404416ed98,2,preference_evolution_tracking,b,a,a,error,error,strict_default_error,,valid
35a9d1f8-05e5-4a1d-aa1e-1c9615b02f80,2,preference_evolution_tracking,a,a,a,solved,solved,default_solved,False,valid
a50b632b-155c-405b-ba1a-9e43fccf0a8b,4,preference_aligned_recommendation,a,a,a,solved,solved,default_solved,False,valid
bd39c6a3-3ebb-4f12-a9b5-f690ebdf5bca,4,user_shared_fact_recall,a,a,b,solved,error,loose_default_error,False,valid
350e033e-eea9-48ac-ac7b-bad63241ced1,4,idea_suggestion,b,d,d,error,error,strict_default_error,,valid
8dbe465c-85ad-4663-a517-da7b86418cde,4,latest_preference_acknowledgement,c,a,a,error,error,strict_default_error,,valid
085877aa-219d-471e-b604-e251d3249968,4,idea_suggestion,a,c,a,error,solved,loose_default_error,False,valid
d5df0faf-8271-4b11-847a-c634d028139e,4,scenario_generalization,b,b,a,solved,error,loose_default_error,False,valid
127fe595-7428-49a2-acda-69b878ab2c5f,4,idea_suggestion,b,c,a,error,error,strict_default_error,,valid
64e6edb1-2675-4bec-bac5-ac3cffb7a36c,4,preference_update_reason_recall,c,a,a,error,error,strict_default_error,,valid
b608b654-2f32-4271-b4ec-6e5e4e8cf1e2,4,preference_update_reason_recall,b,a,b,error,solved,loose_default_error,False,valid
8b7d1285-8b25-40cd-9ca8-e6347bfe746a,4,preference_evolution_tracking,a,a,a,solved,solved,default_solved,False,valid
fdef7f8c-7f59-49d8-be9b-b6c4222c40e5,4,preference_evolution_tracking,c,a,c,error,solved,loose_default_error,False,valid
a85733de-750e-4457-889a-f9016e01d237,4,preference_evolution_tracking,d,d,d,solved,solved,default_solved,True,valid
1cd2d37b-de1b-4775-a063-d4543d602d3d,4,preference_evolution_tracking,c,a,a,error,error,strict_default_error,,valid
a0462baa-c0c8-4706-8a4e-008d1fca789b,4,preference_aligned_recommendation,a,a,a,solved,solved,default_solved,False,valid
a96a528a-b2c6-4da4-bf79-c606314cc057,4,user_shared_fact_recall,b,b,c,solved,error,loose_default_error,False,valid
73e8d675-06f9-4452-971e-03d837195d01,4,idea_suggestion,a,d,d,error,error,strict_default_error,,valid
91daf2b4-5872-4425-a99a-5d4cb56595ba,4,latest_preference_acknowledgement,a,d,b,error,error,strict_default_error,,valid
32fae586-e53b-4dae-b8d3-d7c8e930ff56,4,idea_suggestion,d,a,a,error,error,strict_default_error,,valid
8c6f3412-d822-4131-9a51-184e6da3f476,4,scenario_generalization,d,a,a,error,error,strict_default_error,,valid
842a2ce2-9f8e-4fb3-af0f-0c4790418892,4,idea_suggestion,a,c,a,error,solved,loose_default_error,False,valid
17fcd044-0c7f-4e2a-8932-59d7c3fbf287,4,preference_update_reason_recall,d,a,c,error,error,strict_default_error,,valid
61443554-5758-40fd-9546-9fb3eec67c64,4,preference_update_reason_recall,b,a,b,error,solved,loose_default_error,False,valid
3bf72ac4-729e-49b0-ac4f-944a5ac1a0c1,4,preference_evolution_tracking,d,a,a,error,error,strict_default_error,,valid
a99dc786-3ffd-4470-b2aa-8b2980486f06,4,preference_evolution_tracking,c,a,c,error,solved,loose_default_error,False,valid
8528894e-b57d-4053-9f5d-e1d9f8bfa419,4,preference_evolution_tracking,c,b,c,error,solved,loose_default_error,False,valid
1fd70246-21b9-4386-adfc-f570216130bf,4,preference_evolution_tracking,a,a,a,solved,solved,default_solved,False,valid
15a4aa2c-5e63-41a9-8ab4-a20db4760781,5,user_shared_fact_recall,a,a,b,solved,error,loose_default_error,False,valid
7f8add19-4847-455b-b8a7-df79a9acd5a5,5,preference_aligned_recommendation,b,a,a,error,error,strict_default_error,,valid
adc105c8-02cd-4e66-88c0-68968035398f,5,idea_suggestion,c,b,a,error,error,strict_default_error,,valid
0ca1e553-4d81-4848-983a-484769b53d0b,5,idea_suggestion,a,c,a,error,solved,loose_default_error,False,valid
74abe13d-d4f9-4b4b-8d9e-94464d08a636,5,latest_preference_acknowledgement,b,a,a,error,error,strict_default_error,,valid
1665b30d-0725-424a-bc49-5f938f42fd6b,5,idea_suggestion,b,a,a,error,error,strict_default_error,,valid
ce8e9ca3-761d-4e57-ba31-43d1398259dc,5,scenario_generalization,c,a,a,error,error,strict_default_error,,valid
89a5b2d8-8c1f-4f31-b71d-cf4f571b7226,5,preference_aligned_recommendation,b,c,d,error,error,strict_default_error,,valid
5154ef9f-5809-4cec-98af-36d6fd9b11a7,5,preference_update_reason_recall,a,a,a,solved,solved,default_solved,False,valid
4ca39433-1e20-41f7-afcc-e5dc7db41d6f,5,preference_update_reason_recall,c,a,a,error,error,strict_default_error,,valid
7b440df1-f316-4e04-9188-c9833b30b8db,5,preference_update_reason_recall,d,d,d,solved,solved,default_solved,False,valid
37eef83c-8772-463f-847a-07d9f0500bbf,5,preference_evolution_tracking,c,c,c,solved,solved,default_solved,False,valid
0ce73ba6-2ea4-4b01-9693-6910dc22ad74,5,preference_evolution_tracking,b,b,b,solved,solved,default_solved,False,valid
c9fda643-762e-426a-8079-cffcd98c3fe5,5,preference_evolution_tracking,d,a,c,error,error,strict_default_error,,valid
65bb82b6-1ad9-44f5-8df1-1716467aca2c,5,preference_evolution_tracking,c,b,b,error,error,strict_default_error,,valid
5bad1f63-a222-41ee-af92-3ffcb0610c45,5,preference_evolution_tracking,c,c,c,solved,solved,default_solved,True,valid
8e77a1eb-94be-451f-8c6e-db50537a602e,5,user_shared_fact_recall,d,a,a,error,error,strict_default_error,,valid
dc00d13c-e73c-4b2e-9d9f-91efa3dd22f9,5,preference_aligned_recommendation,a,a,a,solved,solved,default_solved,False,valid
f9a80fab-b8e6-4522-8484-0752aa2bc7aa,5,idea_suggestion,d,c,a,error,error,strict_default_error,,valid
ff9cb595-a574-4391-a958-a887319179f5,5,idea_suggestion,b,d,a,error,error,strict_default_error,,valid
da4a4328-ed46-4c41-b7fa-650542a48ccc,5,latest_preference_acknowledgement,d,a,a,error,error,strict_default_error,,valid
3e4cc77a-0434-4dd4-a89a-de7c34c5826e,5,idea_suggestion,c,a,a,error,error,strict_default_error,,valid
b4a5fcbd-e1be-4679-8bd5-92f9374c171c,5,scenario_generalization,c,d,a,error,error,strict_default_error,,valid
bfdd75b3-09ff-461e-a3f4-3607bf571966,5,preference_aligned_recommendation,a,a,d,solved,error,loose_default_error,True,valid
9d72b3bb-e43d-4ec0-899d-42c269a46fd2,5,preference_update_reason_recall,d,d,d,solved,solved,default_solved,False,valid
aa07fafd-24e4-4d58-b765-1ff579136559,5,preference_update_reason_recall,d,a,a,error,error,strict_default_error,,valid
588577d8-7ceb-411d-8acf-eb911619bc8e,5,preference_update_reason_recall,a,a,a,solved,solved,default_solved,False,valid
9777f57b-c6a4-48c0-8850-7e3637f47867,5,preference_evolution_tracking,a,a,a,solved,solved,default_solved,False,valid
8659e747-044a-47fa-a410-f5be842f4f7c,5,preference_evolution_tracking,c,c,c,solved,solved,default_solved,False,valid
262dad1a-fee3-45ce-8014-f2f152076c3d,5,preference_evolution_tracking,b,a,c,error,error,strict_default_error,,valid
609d3e48-48b8-4cfd-bb2c-7d242d97144f,5,preference_evolution_tracking,b,a,c,error,error,strict_default_error,,valid
3e613d48-6538-43c5-87a1-9c4a142df571,5,preference_evolution_tracking,a,a,d,solved,error,loose_default_error,True,valid
b9ef94f1-b737-4fff-b6c0-2e72255f7e26,11,preference_aligned_recommendation,b,c,b,error,solved,loose_default_error,True,valid
b4f5871e-6128-42d4-9d71-f7ef952fc3dd,11,user_shared_fact_recall,c,d,a,error,error,strict_default_error,,valid
15153299-ad3a-477e-8eee-29f95de9f0d9,11,scenario_generalization,b,d,d,error,error,strict_default_error,,valid
6c23d10f-f2d3-4d3b-aa92-4cb67ac52c3e,11,preference_update_reason_recall,a,a,a,solved,solved,default_solved,False,valid
d2cb516a-0868-4332-93d9-64e6e73f4450,11,idea_suggestion,c,b,b,error,error,strict_default_error,,valid
a1069348-3778-4d08-ae72-fccf8ac23a0f,11,user_shared_fact_recall,d,a,b,error,error,strict_default_error,,valid
51d9fdba-9e05-411f-a933-a30c561e4a57,11,idea_suggestion,c,b,a,error,error,strict_default_error,,valid
2aeaf04c-5dbb-4631-9453-9d55438e7e24,11,idea_suggestion,b,a,a,error,error,strict_default_error,,valid
edcae48c-d5f6-4aba-9aae-d6946ded8ad8,11,user_shared_fact_recall,d,c,c,error,error,strict_default_error,,valid
d3a4e999-b4c7-4a45-aa8a-c79f17f11b39,11,user_shared_fact_recall,c,d,d,error,error,strict_default_error,,valid
b536a2fe-fece-4b88-8299-7431da64194a,11,user_shared_fact_recall,c,c,c,solved,solved,default_solved,True,valid
3ce8e64d-fbe4-429a-b403-56f893f0c065,11,user_shared_fact_recall,d,a,c,error,error,strict_default_error,,valid
afb21079-ddc7-48e8-b280-d08d1e01dc50,11,preference_update_reason_recall,b,b,b,solved,solved,default_solved,True,valid
b0dc6adf-9f55-4acd-a8f4-55fb55a5f9e9,11,preference_update_reason_recall,d,d,d,solved,solved,default_solved,False,valid
4537a81c-a44f-49b9-aa76-a04dbd1118b2,11,preference_update_reason_recall,a,a,a,solved,solved,default_solved,False,valid
9a913460-4575-43eb-97c8-5b75bcc529f2,11,preference_evolution_tracking,c,a,a,error,error,strict_default_error,,valid
0d47c704-6ad5-4587-8fdf-d6418a428ded,11,preference_evolution_tracking,c,a,c,error,solved,loose_default_error,False,valid
1aa9fb49-9af5-4097-9d26-d03a8be9d4d8,11,preference_evolution_tracking,c,d,b,error,error,strict_default_error,,valid
f8310608-cd01-4b07-8438-528ca78174f9,11,preference_evolution_tracking,c,c,c,solved,solved,default_solved,True,valid
845b91bc-8cd5-451d-a6fe-dd2b176e5758,11,preference_evolution_tracking,a,a,a,solved,solved,default_solved,False,valid
827b4d7e-4a87-4500-8399-9ea7e01c6ff1,11,preference_evolution_tracking,d,a,a,error,error,strict_default_error,,valid
9f8abbfe-84a6-4761-b791-f1d6e9763ffc,11,preference_aligned_recommendation,c,a,a,error,error,strict_default_error,,valid
87cfa0aa-b318-4b34-8fc5-545fd51e734c,11,user_shared_fact_recall,d,a,a,error,error,strict_default_error,,valid
f60ea749-0577-409d-ac52-5fbbdbb5d983,11,scenario_generalization,c,b,b,error,error,strict_default_error,,valid
e0f78337-f591-4d13-9db2-368a0a9facd3,11,preference_update_reason_recall,b,,b,parse_invalid,solved,t0_parse_invalid,False,invalid
7f52c9fa-1023-4c89-a7b1-3f99a838e8a2,11,idea_suggestion,b,d,d,error,error,strict_default_error,,valid
9b5d8c65-f439-47da-a21b-f05743cba515,11,user_shared_fact_recall,a,b,b,error,error,strict_default_error,,valid
d7fa502c-7f82-41a6-96f6-09e6d2c0f226,11,idea_suggestion,b,a,a,error,error,strict_default_error,,valid
f36d7363-e2c5-4b84-8c08-f5910f5a58a0,11,idea_suggestion,c,a,a,error,error,strict_default_error,,valid
fa4ad54b-18f7-41f7-b596-a2606959aef2,11,idea_suggestion,b,a,a,error,error,strict_default_error,,valid
d3cf97c8-4698-49d0-bc39-25cdc856f295,11,idea_suggestion,c,a,a,error,error,strict_default_error,,valid
5cc4f974-9afb-42f9-be6a-5453d317c7bc,11,user_shared_fact_recall,b,a,d,error,error,strict_default_error,,valid
27ad7552-b0e8-440b-b0e1-19c3c216e36a,11,user_shared_fact_recall,d,a,a,error,error,strict_default_error,,valid
c0af6d57-9c9e-4c7a-ab49-58694a315162,14,latest_preference_acknowledgement,c,d,d,error,error,strict_default_error,,valid
f6cb61c7-b41d-4c26-8100-f0de3451cae4,14,preference_aligned_recommendation,d,a,c,error,error,strict_default_error,,valid
9161909e-12fd-45a3-8c83-c852490945f8,14,idea_suggestion,a,c,b,error,error,strict_default_error,,valid
b6ce6468-a569-437b-a5c2-b3d9575c9763,14,scenario_generalization,b,b,b,solved,solved,default_solved,True,valid
af67ab1b-1701-4313-95dd-184ee080fca1,14,idea_suggestion,d,a,c,error,error,strict_default_error,,valid
f817828d-7bed-46a0-806b-2fd7cedfb7af,14,user_shared_fact_recall,c,b,b,error,error,strict_default_error,,valid
3e9b1cc4-dfde-413b-8966-85308430fc5d,14,preference_update_reason_recall,a,a,a,solved,solved,default_solved,False,valid
8775476d-8b8a-4534-98c7-88c34da48b64,14,preference_update_reason_recall,a,a,a,solved,solved,default_solved,False,valid
a0a864d0-1262-48b9-a77f-956e2bffd761,14,preference_update_reason_recall,b,a,b,error,solved,loose_default_error,False,valid
932a77e4-2654-415b-9692-32d527ecb10e,14,preference_evolution_tracking,c,b,c,error,solved,loose_default_error,False,valid
e3ee6ae7-78c2-4ad4-b0f0-37fcec17cd7e,14,preference_evolution_tracking,a,a,a,solved,solved,default_solved,True,valid
7b638718-497e-46e4-ae40-26ab3b77ff03,14,preference_evolution_tracking,b,a,c,error,error,strict_default_error,,valid
0439324c-7152-40fd-9092-1fb29983bcf3,14,preference_evolution_tracking,b,a,c,error,error,strict_default_error,,valid
ef856a81-e777-416e-bb23-5c518aa0f73b,14,latest_preference_acknowledgement,a,c,a,error,solved,loose_default_error,False,valid
4b742ee7-077d-4cce-9c27-51dfe81fcdc4,14,preference_aligned_recommendation,a,a,b,solved,error,loose_default_error,False,valid
a30c10c5-145a-49b0-b3d5-1479bf3c6797,14,idea_suggestion,a,c,a,error,solved,loose_default_error,False,valid
0da0120b-8c58-4cd4-a5bc-7acaf71740ba,14,scenario_generalization,d,d,d,solved,solved,default_solved,False,valid
df1778bf-bc0a-4679-ad94-914a13529242,14,idea_suggestion,a,b,b,error,error,strict_default_error,,valid
7cb7b1c0-4a29-4ab3-9f38-e41243ec50dd,14,idea_suggestion,b,a,b,error,solved,loose_default_error,False,valid
e86a1aad-0117-4021-9c68-f923f4111d5f,14,preference_update_reason_recall,a,a,d,solved,error,loose_default_error,False,valid
aae3e12c-fce9-4a8b-bb43-3623b2c2e1e3,14,preference_update_reason_recall,a,a,a,solved,solved,default_solved,False,valid
8d52f6de-0bc5-4cac-8873-ca57060186b3,14,user_shared_fact_recall,d,d,c,solved,error,loose_default_error,True,valid
ced344f8-d07a-458f-bebe-131e8e7a6b88,14,preference_aligned_recommendation,d,a,c,error,error,strict_default_error,,valid
ec9c7628-9919-4234-b7b8-b90eda49cec5,16,preference_aligned_recommendation,d,a,a,error,error,strict_default_error,,valid
889bbfe8-e274-47cd-8807-a5f93654c6a6,16,user_shared_fact_recall,d,,a,parse_invalid,error,t0_parse_invalid,,invalid
2747972e-07b2-461d-9acb-a8495bfef4c2,16,user_shared_fact_recall,d,a,a,error,error,strict_default_error,,valid
ffe01d3c-de5c-4c67-b2db-e4983dfc6abc,16,latest_preference_acknowledgement,c,b,b,error,error,strict_default_error,,valid
d2c42ca1-5b3a-48b4-b3cc-ea27b9bed8e3,16,user_shared_fact_recall,a,b,b,error,error,strict_default_error,,valid
cf90fc6f-b92e-47e1-88cc-8b8cefffdb89,16,preference_update_reason_recall,d,d,d,solved,solved,default_solved,False,valid
4e2111be-1c29-4a8e-b9cb-a6ab437f3276,16,preference_update_reason_recall,c,a,a,error,error,strict_default_error,,valid
cbbb9592-afe3-4d38-ab6c-02e974da712f,16,preference_update_reason_recall,d,d,d,solved,solved,default_solved,False,valid
b4fd279e-e420-49fd-b089-399c54400430,16,preference_evolution_tracking,a,a,a,solved,solved,default_solved,True,valid
72cb814c-aa52-4f39-a647-24aec1e3037c,16,preference_evolution_tracking,b,a,a,error,error,strict_default_error,,valid
1e98da37-83ad-478c-9c15-6247fafac65c,16,preference_evolution_tracking,d,d,d,solved,solved,default_solved,False,valid
d5486c87-e115-4da9-83f4-b8fef2bb5a80,16,preference_evolution_tracking,c,c,c,solved,solved,default_solved,False,valid
aa30e98f-93a4-4456-8924-a69f13416b89,16,preference_evolution_tracking,a,a,a,solved,solved,default_solved,False,valid
31438e87-4b4c-45eb-b3af-065bc8e06789,16,preference_aligned_recommendation,a,a,a,solved,solved,default_solved,False,valid
cb6ac767-818a-4298-98d0-ef0f5c70bde0,16,user_shared_fact_recall,d,,a,parse_invalid,error,t0_parse_invalid,,invalid
3023ac34-ea32-4b08-a339-12c8139c5c8a,16,user_shared_fact_recall,d,d,d,solved,solved,default_solved,False,valid
1837d1a9-0a9b-49ad-b65a-d862c631d523,16,idea_suggestion,d,a,a,error,error,strict_default_error,,valid
83dd91dc-0758-4159-8f6f-da0ee04d864f,16,idea_suggestion,d,a,c,error,error,strict_default_error,,valid
7d35c867-43e3-4456-afd9-22a76b136162,12,preference_aligned_recommendation,d,a,a,error,error,strict_default_error,,valid
8a432a27-3c39-426f-a853-fe8f8b3c5c41,12,user_shared_fact_recall,c,a,a,error,error,strict_default_error,,valid
26d79f5e-e405-45f6-add6-723bc0031dbb,12,idea_suggestion,b,a,a,error,error,strict_default_error,,valid
9479c28f-611b-4da1-beb5-a2d8f496f85d,12,user_shared_fact_recall,a,d,a,error,solved,loose_default_error,False,valid
a2543130-a95f-4bb4-877f-0d82314abfa3,12,scenario_generalization,c,a,a,error,error,strict_default_error,,valid
87bfcfed-984b-4eaa-ae31-99300eefa3c2,12,preference_update_reason_recall,c,d,c,error,solved,loose_default_error,False,valid
9af8a326-7675-42e0-861f-d99f2e28be46,12,idea_suggestion,d,a,c,error,error,strict_default_error,,valid
78ebcdd3-c419-4777-be35-ab836f645b9e,12,user_shared_fact_recall,b,a,c,error,error,strict_default_error,,valid
50577261-33b6-4648-aa14-aa2b6e0523ac,12,user_shared_fact_recall,d,a,a,error,error,strict_default_error,,valid
ceaba7cf-7f7d-4bbb-9927-fdb1af713fc4,12,user_shared_fact_recall,a,a,a,solved,solved,default_solved,True,valid
431e1c24-b09a-4bc4-b6d0-32e7c0631353,12,idea_suggestion,c,a,a,error,error,strict_default_error,,valid
2f795c6f-e04f-4af0-8ff4-feff57e54a48,12,user_shared_fact_recall,b,d,d,error,error,strict_default_error,,valid
c4e7795b-6bf2-4a87-af16-37ecb451c11b,12,idea_suggestion,c,d,a,error,error,strict_default_error,,valid
1743e9cb-de16-4ea8-80cf-fef97a8b2259,12,user_shared_fact_recall,c,a,a,error,error,strict_default_error,,valid
66a0d1b3-a55f-46e0-bc57-bbfa67601bf6,12,preference_aligned_recommendation,a,b,a,error,solved,loose_default_error,False,valid
f940f3ad-a774-4d7d-9c93-daa40c7bb813,12,preference_update_reason_recall,d,d,d,solved,solved,default_solved,False,valid
9468e5ca-c4a5-4ef7-9ac0-abc13731d5f8,12,preference_update_reason_recall,d,d,d,solved,solved,default_solved,True,valid
76784e79-f9b7-4b10-bce6-aea041887ac8,12,preference_update_reason_recall,d,d,d,solved,solved,default_solved,False,valid
0e4d1863-8616-4536-90f6-e5abc8d35fd8,12,preference_update_reason_recall,d,d,d,solved,solved,default_solved,False,valid
9bd1d91f-d7a5-47b5-a9bc-93a3bc35c4cd,12,preference_evolution_tracking,c,a,c,error,solved,loose_default_error,False,valid
525d8a11-ff5c-4bbf-b83b-4a9822ddedb9,12,preference_evolution_tracking,c,a,c,error,solved,loose_default_error,False,valid
9eba5fc3-08dd-4672-8bcb-55b51f2fd223,12,preference_evolution_tracking,c,b,c,error,solved,loose_default_error,False,valid
1cc0c629-0a6f-41fd-8cd5-2d94253f51ad,12,preference_evolution_tracking,b,b,b,solved,solved,default_solved,False,valid
812136b4-01d7-40d9-87f0-9608db5a2f1d,12,preference_evolution_tracking,a,a,c,solved,error,loose_default_error,False,valid
bdc22325-20bb-4bef-b9c1-9615c0d68e60,12,preference_aligned_recommendation,c,a,a,error,error,strict_default_error,,valid
32fb0781-a149-4a83-b346-467e88f81710,12,user_shared_fact_recall,b,a,a,error,error,strict_default_error,,valid
194ce23e-d6d7-46f9-99b0-a0eba223a0ee,12,idea_suggestion,d,a,a,error,error,strict_default_error,,valid
a64ba818-abee-404e-9a38-f440b74bcca7,12,user_shared_fact_recall,b,d,a,error,error,strict_default_error,,valid
cb4799ed-15e8-4dda-a716-b81fa1d6d9da,12,scenario_generalization,d,a,a,error,error,strict_default_error,,valid
9ff4dd4a-ccf0-4b18-bd9c-a2058bc1d960,12,preference_update_reason_recall,c,a,c,error,solved,loose_default_error,False,valid
2575c3c6-5061-4db3-ba98-f33e1280f48f,12,idea_suggestion,b,a,a,error,error,strict_default_error,,valid
8be28bb6-049f-4735-8957-a15234c138f4,12,user_shared_fact_recall,a,c,a,error,solved,loose_default_error,False,valid
33755e8c-b501-4c53-ae56-d91bf60477f7,12,idea_suggestion,b,a,c,error,error,strict_default_error,,valid
a4fb24e8-6b06-4398-a0b0-e75b65328053,12,user_shared_fact_recall,a,a,a,solved,solved,default_solved,False,valid
96ee1e54-044a-4313-b091-5ef3b7b218f9,12,scenario_generalization,b,b,d,solved,error,loose_default_error,False,valid
f34cb168-97ab-4b89-92c6-9ff84bd3c5e1,12,user_shared_fact_recall,d,a,b,error,error,strict_default_error,,valid
36441aa3-67a2-469e-8e9e-e21073e2a5d3,12,user_shared_fact_recall,c,c,c,solved,solved,default_solved,False,valid
e1c4c709-982c-4158-bb30-77360c6767e3,12,preference_evolution_tracking,d,b,d,error,solved,loose_default_error,False,valid
83e7b851-a9c3-4391-9c37-b9942ccfacd4,12,preference_evolution_tracking,c,c,c,solved,solved,default_solved,True,valid
1a81e1c6-adb8-4187-9ecf-d95afc0e81ad,12,preference_evolution_tracking,b,b,a,solved,error,loose_default_error,False,valid
ad56eb3c-d190-4974-830a-d4e91d395402,12,preference_evolution_tracking,a,a,a,solved,solved,default_solved,False,valid
78d544c0-e6f5-479f-b27b-a4b3d7b590a7,12,preference_evolution_tracking,c,c,c,solved,solved,default_solved,False,valid
d766ed84-99de-42b4-9458-2c8fc449b1f6,12,preference_evolution_tracking,b,a,b,error,solved,loose_default_error,False,valid
