item_id,persona_id,canonical_type,invalid_model,gold,raw_output_num_predict16,invalid_reason,origin,notes
da01953c-12f8-4b4c-81ec-2efbde72162f,9,preference_update_reason_recall,llama,a,None of these options are relevant to attending local art exhibits.,non_letter_answer,model_output_invalid,"Genuine refusal (""None of these options are relevant""); no letter present even at num_predict=120. Identical text to ae306d03 (same persona 9)."
ae306d03-65ea-4744-b119-38b0eaf0b862,9,preference_update_reason_recall,llama,b,None of these options are relevant to attending local art exhibits.,non_letter_answer,model_output_invalid,"Genuine refusal; identical text to da01953c (same persona 9, same shared context)."
0a5a3e25-94fd-4b9b-b952-407387cb9b8a,13,preference_update_reason_recall,llama,c,None of the above. The question is about organizing an online game night for friends,non_letter_answer,model_output_invalid,Genuine refusal with unsolicited generic advice instead of a letter; no letter at num_predict=120.
4c2d81ce-4d7c-4749-b279-015e54d06032,13,user_shared_fact_recall,llama,b,"I'm happy to help, but I must correct the assumption in your question.",explanation_with_letter,config_truncation (num_predict=16 cut off before the letter; letter only appears at the end of an extended generation),"At num_predict=120, model eventually states ""a"" on its own line after disclaiming the question premise. Not present at num_predict=16, so not a pure parser bug."
bb7cf8c9-546c-4876-92de-7cddedadc66c,17,preference_update_reason_recall,llama,d,"I think I'll choose ""a"". The question is asking about painting, not",explanation_with_letter,"parser_bug_possible (letter ""a"" already present mid-text inside the original num_predict=16 output; leading-token-only parser missed it)","The only one of the 11 where the letter is present in the very output captured at num_predict=16 ( 'I think I'll choose ""a""' ); current parser only scans the leading token, not the full text."
59eb073a-174e-4115-aa22-b40eb447b1a2,17,preference_update_reason_recall,llama,d,None of these answers apply to your situation because they all refer to reading habits and,malformed_output,"inconclusive (still truncated mid-sentence even at num_predict=120; trailing ""a"" is the article ""a"", not an answer choice)","Even with more tokens, output trails off (""...Do I prefer a"") without resolving to an answer. Cannot confirm whether a real letter choice would ever follow."
bb075cda-e99d-407a-aa00-2f35582956af,19,latest_preference_acknowledgement,llama,a,"I'm a large language model, I don't have personal experiences, but I",explanation_with_letter,config_truncation,"At num_predict=120, ends with disclaimer then a clean trailing ""a"". Not present at num_predict=16."
d6d4a4e8-96c4-4b72-bdd3-204b44ec1826,19,latest_preference_acknowledgement,llama,b,"None of the above. I'm a large language model, I don't have",non_letter_answer,model_output_invalid,"Genuine refusal, complete thought, no letter even at num_predict=120."
e0f78337-f591-4d13-9db2-368a0a9facd3,11,preference_update_reason_recall,llama,b,None of the above options are relevant to the question about joining a creative writing group,explanation_with_letter,config_truncation,"At num_predict=120, ends with a clean trailing ""(b)"" after a refusal preamble. Not present at num_predict=16."
889bbfe8-e274-47cd-8807-a5f93654c6a6,16,user_shared_fact_recall,llama,d,"I'm a large language model, I don't have personal experiences or memories,",explanation_with_letter,config_truncation,"At num_predict=120, ends with ""I'll choose:\n\na"". Not present at num_predict=16. Identical text to cb6ac767 (same persona 16)."
cb6ac767-818a-4298-98d0-ef0f5c70bde0,16,user_shared_fact_recall,llama,d,"I'm a large language model, I don't have personal experiences or memories,",explanation_with_letter,config_truncation,"Identical to 889bbfe8 (same persona 16, same shared context)."
