item_id,persona_id,question_type,gold_key,llama_t0_pred,qwen_t0_pred,llama_t0_raw,qwen_t0_raw,llama_t0_bucket,qwen_t0_bucket,item_default_bucket,unstable_any,parse_status
acd74206-37dc-4756-94a8-b99a395d9a21,0,user_shared_fact_recall,c,b,b,b,b,error,error,strict_default_error,,valid
f546a74f-54de-40d0-9d88-8b0e30467d7b,0,preference_aligned_recommendation,d,b,a,b,a,error,error,strict_default_error,,valid
5370f186-0028-41f4-b436-c48575899fca,0,idea_suggestion,b,a,a,a,a,error,error,strict_default_error,,valid
a40d5f67-8ec6-480b-a901-9709eecee9b9,0,preference_update_reason_recall,d,a,a,(a),a,error,error,strict_default_error,,valid
fd81b480-5723-43fe-9fb1-d3efa0df8e49,0,user_shared_fact_recall,b,d,d,d,d,error,error,strict_default_error,,valid
c8a763a5-a7ae-4047-b1cf-f17204fd1f7d,0,idea_suggestion,b,a,a,a,a,error,error,strict_default_error,,valid
ce9c7c39-c600-4971-9a7d-51a46e6c915c,0,idea_suggestion,b,c,a,c,a,error,error,strict_default_error,,valid
217481b7-ad97-45d8-988f-abb3f9cf9b34,0,preference_update_reason_recall,c,a,a,(a),a,error,error,strict_default_error,,valid
b4812983-2c33-48ae-8955-1a19f78f7f54,0,user_shared_fact_recall,b,a,a,a,a,error,error,strict_default_error,,valid
c2d3daad-6d3b-4852-8830-39f830f6cd01,1,user_shared_fact_recall,b,d,d,d,d,error,error,strict_default_error,,valid
96589b76-f0fa-4214-a110-c6f13ef15e83,1,idea_suggestion,b,d,a,d,a,error,error,strict_default_error,,valid
2b3ce0bd-d0c2-48e3-8cd8-564905e9fe64,1,preference_aligned_recommendation,c,a,a,a,a,error,error,strict_default_error,,valid
d71b360e-da59-480b-823e-a83e8c320b9c,1,scenario_generalization,c,b,a,(b),a,error,error,strict_default_error,,valid
7957ef21-86bb-4641-8a06-4ee2272f1c32,1,preference_update_reason_recall,d,a,c,a,c,error,error,strict_default_error,,valid
7a4ed201-4f7e-4d9c-a3f3-c5a2b8d424b3,1,user_shared_fact_recall,c,a,a,a,a,error,error,strict_default_error,,valid
32b03409-0710-4afd-89c1-9af72c339b4c,1,scenario_generalization,d,b,b,(b),b,error,error,strict_default_error,,valid
346a304a-4371-46ac-a8f7-021f25812b52,1,scenario_generalization,c,a,a,a,a,error,error,strict_default_error,,valid
221c8369-8ac4-447e-a13c-6088536f9abf,1,preference_update_reason_recall,d,a,a,a,a,error,error,strict_default_error,,valid
4ca0a992-6743-4369-95b6-920712f8ef8b,1,preference_evolution_tracking,c,a,a,(a),a,error,error,strict_default_error,,valid
f04613eb-8eff-4a4c-a191-d2574c87e67b,1,preference_evolution_tracking,c,a,b,(a),b,error,error,strict_default_error,,valid
002e8df3-cebf-4197-8c16-cb834cc13aef,1,preference_evolution_tracking,c,a,a,a,a,error,error,strict_default_error,,valid
d90cadc8-e635-462b-8251-7f8a10734376,1,user_shared_fact_recall,d,c,c,c,c,error,error,strict_default_error,,valid
6c4bc600-04c0-41be-841a-a1e149edd522,1,preference_aligned_recommendation,d,a,a,a,a,error,error,strict_default_error,,valid
2a69f556-c093-4bc3-aa4a-a5acaaec3801,1,scenario_generalization,c,a,a,(a),a,error,error,strict_default_error,,valid
c7c87a80-78e5-47d8-a068-2bfd244868f1,1,preference_update_reason_recall,b,a,c,a,c,error,error,strict_default_error,,valid
66ce550d-37a1-43e5-ab56-0b6864d8cbaf,1,scenario_generalization,b,a,a,a,a,error,error,strict_default_error,,valid
34e7e867-7730-4bb9-9dcf-bc5a93389b3a,1,scenario_generalization,c,b,a,b,a,error,error,strict_default_error,,valid
08430f6d-ada1-46a7-8f15-ddc466ba8a5b,1,idea_suggestion,b,a,a,a,a,error,error,strict_default_error,,valid
394bc68d-a4b3-415c-a7d9-6b367fe44e25,1,user_shared_fact_recall,c,a,a,a,a,error,error,strict_default_error,,valid
f7be271f-8ee6-4250-ba76-2a72e50623fc,1,scenario_generalization,b,a,d,a,d,error,error,strict_default_error,,valid
e3d97461-ec4b-471f-a3f3-e595fdba27e5,1,scenario_generalization,d,a,a,a,a,error,error,strict_default_error,,valid
9c209ff7-a6a8-48d8-ab38-e0b8aa2aaef7,3,user_shared_fact_recall,d,b,b,b,b,error,error,strict_default_error,,valid
945fb104-45bd-457f-a9a8-19620159e47d,3,preference_aligned_recommendation,c,b,b,b,b,error,error,strict_default_error,,valid
b51ec779-8dcc-4cef-860e-d9c3a6c622a6,3,idea_suggestion,b,d,a,d,a,error,error,strict_default_error,,valid
5547721c-f72d-41cf-bfb5-65757d11807b,3,preference_evolution_tracking,b,a,a,(a),a,error,error,strict_default_error,,valid
a343bbd4-e356-41e0-886c-663304809410,3,preference_evolution_tracking,c,a,a,(a),a,error,error,strict_default_error,,valid
8f6defba-992d-45f1-9a7d-dded76e6e5d5,3,user_shared_fact_recall,d,c,c,c,c,error,error,strict_default_error,,valid
0874afed-abd8-485c-b509-c06843a937cc,3,preference_aligned_recommendation,d,c,c,c,c,error,error,strict_default_error,,valid
c780b296-860d-4032-8580-154286255c00,3,idea_suggestion,b,d,a,d,a,error,error,strict_default_error,,valid
5b19b568-0c8f-43ac-8fdc-7f0ce67604e5,3,user_shared_fact_recall,d,a,a,a,a,error,error,strict_default_error,,valid
eb59980c-508c-4963-96d4-27ecf3c12b04,3,idea_suggestion,c,a,a,a,a,error,error,strict_default_error,,valid
53bb55a3-2ca8-4ab5-a590-f8b68f491128,6,user_shared_fact_recall,b,a,a,a,a,error,error,strict_default_error,,valid
fe2e91a8-fd23-4ea7-a3f1-722a0396712d,6,user_shared_fact_recall,c,a,a,a,a,error,error,strict_default_error,,valid
a53dba76-2124-4083-9e61-d822ce4ce096,6,preference_update_reason_recall,b,a,a,a,a,error,error,strict_default_error,,valid
bdeba04a-c530-4d9f-8f1c-b28ef539cd37,6,preference_evolution_tracking,d,b,a,(b),a,error,error,strict_default_error,,valid
3e94a3d2-3b81-4e80-a013-32a6856edf72,6,user_shared_fact_recall,b,a,c,a,c,error,error,strict_default_error,,valid
f861c1ff-df77-47fe-98b7-aa5b4f5c50c1,6,user_shared_fact_recall,b,a,d,a,d,error,error,strict_default_error,,valid
93986f1c-0b49-4703-b42c-e3e03e85f66c,6,idea_suggestion,c,a,a,a,a,error,error,strict_default_error,,valid
6e420bd9-752a-4a98-a6a2-1ffe8df80a7f,6,idea_suggestion,d,a,a,a,a,error,error,strict_default_error,,valid
7aac7481-e0a2-4d04-b1ca-f921c75eaea2,6,preference_aligned_recommendation,a,b,b,b,b,error,error,strict_default_error,,valid
271aa33d-1ea3-4cf2-97d2-78b7d23a58cb,6,user_shared_fact_recall,c,a,a,a,a,error,error,strict_default_error,,valid
d0ac9ffe-0e45-43e2-8f5b-01f86f14862e,7,preference_aligned_recommendation,b,a,a,a,a,error,error,strict_default_error,,valid
ef58fe32-4af7-4868-b429-e0bdb1d04133,7,scenario_generalization,c,a,a,a,a,error,error,strict_default_error,,valid
e870342f-b57c-4469-b5b6-0b97cd3385ce,7,idea_suggestion,b,d,a,d,a,error,error,strict_default_error,,valid
a5f2c2cd-54d5-471b-8585-ee0470dbe7e5,7,user_shared_fact_recall,b,a,a,a,a,error,error,strict_default_error,,valid
fab91041-4ce8-4082-9057-208230e3b410,7,scenario_generalization,c,b,b,(b),b,error,error,strict_default_error,,valid
125bfe37-0589-4c4e-879d-3409857a2053,7,user_shared_fact_recall,a,d,b,d,b,error,error,strict_default_error,,valid
fcad8bb2-fcd3-4019-bec0-b8f6c4bcd1b1,7,idea_suggestion,c,a,a,a,a,error,error,strict_default_error,,valid
78000568-f3a3-4cad-a923-c5b99366e4b5,7,scenario_generalization,d,b,b,(b),b,error,error,strict_default_error,,valid
5707eaf2-da2a-4ab2-96a8-048eec7e5d06,7,preference_evolution_tracking,d,a,c,a,c,error,error,strict_default_error,,valid
40d94e80-9557-48dc-9101-1cc6c12486a9,7,preference_aligned_recommendation,b,c,c,c,c,error,error,strict_default_error,,valid
3a785b51-234f-40c5-aac9-58c3a9a47333,7,idea_suggestion,c,d,a,d,a,error,error,strict_default_error,,valid
e12b0c88-fa61-410f-acd7-2cfeda5a365a,7,user_shared_fact_recall,a,d,d,d,d,error,error,strict_default_error,,valid
384780f3-0521-4533-ac91-c02c828558ba,7,scenario_generalization,d,a,c,a,c,error,error,strict_default_error,,valid
09575047-a54e-42fe-a649-468917e3934b,7,preference_update_reason_recall,d,a,a,a,a,error,error,strict_default_error,,valid
40152bdb-d02c-4453-9129-ba27ce51bb92,7,scenario_generalization,c,a,b,a,b,error,error,strict_default_error,,valid
2bc21867-0902-43e7-b186-6203fc477d93,8,idea_suggestion,b,d,a,d,a,error,error,strict_default_error,,valid
87241969-a1c4-47d7-a4d0-3308f9ca481f,8,scenario_generalization,c,a,b,(a),b,error,error,strict_default_error,,valid
d06f511a-0fd8-4ee0-8c35-fd3a87fd35ec,8,idea_suggestion,b,a,a,a,a,error,error,strict_default_error,,valid
80cae57b-3f24-444b-b39c-8fae39e7ca68,8,scenario_generalization,b,d,a,d,a,error,error,strict_default_error,,valid
6cacb235-3562-4414-a34d-a8ec14ee1811,8,preference_aligned_recommendation,d,a,c,a,c,error,error,strict_default_error,,valid
4584bcf9-fc47-4873-b0ae-5b5f804b20b8,8,idea_suggestion,d,a,a,a,a,error,error,strict_default_error,,valid
7983f1b5-bd7d-456a-b2ea-2bbefc320507,8,idea_suggestion,b,a,c,a,c,error,error,strict_default_error,,valid
ff9ba1de-07d6-4240-aa4f-dd0989951808,8,scenario_generalization,d,b,a,b,a,error,error,strict_default_error,,valid
2c7661cc-4a9f-4520-932b-46ec48f122c5,8,preference_evolution_tracking,b,a,a,(a),a,error,error,strict_default_error,,valid
08eb771b-47e2-434a-bea3-7ee96b6948c2,9,idea_suggestion,b,a,a,a,a,error,error,strict_default_error,,valid
b08169cb-e02a-4cfa-bfd5-182c6fed3139,9,scenario_generalization,b,a,a,(a),a,error,error,strict_default_error,,valid
3158e226-c4dd-45ce-8194-ea935cf08555,9,user_shared_fact_recall,c,b,b,b,b,error,error,strict_default_error,,valid
00a0d533-5f7b-4970-b264-875f0d5e5912,9,scenario_generalization,d,a,a,a,a,error,error,strict_default_error,,valid
e71931f6-5626-4996-9800-fe51564680f4,9,idea_suggestion,b,a,a,a,a,error,error,strict_default_error,,valid
0a90b38b-9bdf-437b-a4ee-fb671162c430,9,user_shared_fact_recall,d,a,a,a,a,error,error,strict_default_error,,valid
43d42352-b165-4ec5-a1c5-11803e793833,9,preference_aligned_recommendation,c,a,d,a,d,error,error,strict_default_error,,valid
7b675c87-19db-4124-8583-b1666a332284,9,user_shared_fact_recall,c,a,a,a,a,error,error,strict_default_error,,valid
10920f3b-f672-4d7f-89ad-2fe1f63d7151,9,preference_evolution_tracking,c,a,b,(a),b,error,error,strict_default_error,,valid
0db82c52-bb20-49ae-87ca-abdafbe767a1,9,preference_evolution_tracking,c,a,d,a,d,error,error,strict_default_error,,valid
259ba9ef-518f-45b9-a8b3-a25ddc9f2e93,9,idea_suggestion,c,a,a,a,a,error,error,strict_default_error,,valid
3f296614-1dfa-49fe-af43-6f39327fe20a,9,user_shared_fact_recall,d,a,b,a,b,error,error,strict_default_error,,valid
436e377a-98ba-44fc-809c-1743bbf4e033,9,scenario_generalization,c,a,a,(a),a,error,error,strict_default_error,,valid
2bfdcdc8-1052-4c38-902f-1a023d41509d,9,user_shared_fact_recall,b,d,d,d,d,error,error,strict_default_error,,valid
b35349e0-993b-452a-bb5e-67668833b39b,9,scenario_generalization,a,d,b,d,b,error,error,strict_default_error,,valid
aa359f37-2eb6-4604-a3e5-07a066de210d,9,idea_suggestion,c,a,a,a,a,error,error,strict_default_error,,valid
a719edb3-a43f-4792-b820-fb45293c4e19,9,user_shared_fact_recall,b,a,c,a,c,error,error,strict_default_error,,valid
e0750f28-3c10-41f1-a017-a7a0a18079df,9,idea_suggestion,b,a,a,a,a,error,error,strict_default_error,,valid
d0e15e11-6768-4cb6-825a-1deee7ba5e29,9,user_shared_fact_recall,d,b,b,b,b,error,error,strict_default_error,,valid
fe0aa9a2-d28f-40ee-bb7c-cd90fe8ee55b,9,idea_suggestion,d,a,c,a,c,error,error,strict_default_error,,valid
2b969ce1-cf22-4f80-af89-f42e57ad7c49,10,user_shared_fact_recall,a,b,b,b,b,error,error,strict_default_error,,valid
18f3405b-f1bb-4562-acc2-8ff340b3f9f0,10,user_shared_fact_recall,c,a,a,a,a,error,error,strict_default_error,,valid
35dae3c4-7bd6-4f65-af6e-747d7d326556,10,idea_suggestion,a,b,b,b,b,error,error,strict_default_error,,valid
8a0ef305-5241-45fe-aa84-e37a2bab08f9,10,idea_suggestion,b,d,a,d,a,error,error,strict_default_error,,valid
e48cb6ad-1629-4107-befb-7f2c3ce4e65d,10,scenario_generalization,b,a,c,(a),c,error,error,strict_default_error,,valid
0d78111b-103a-4b6e-a285-4d986a712ac8,10,latest_preference_acknowledgement,c,a,b,a,b,error,error,strict_default_error,,valid
d83d7e84-1ea3-461c-8916-0d519efe092e,10,user_shared_fact_recall,c,b,a,b,a,error,error,strict_default_error,,valid
098bb7ce-49fb-457e-a8bd-82a6dc63c060,10,user_shared_fact_recall,d,c,c,c,c,error,error,strict_default_error,,valid
95562a0a-504a-42b5-84e4-f28c7cbcfdbc,10,preference_aligned_recommendation,c,a,a,a,a,error,error,strict_default_error,,valid
abc977e6-cdfc-4515-a3ee-791d0a7aa6c1,10,preference_evolution_tracking,d,a,a,a,a,error,error,strict_default_error,,valid
a09f9d41-c40f-4b86-b94e-03691a4bd945,10,preference_aligned_recommendation,c,a,a,a,a,error,error,strict_default_error,,valid
9725f89b-da19-4ab0-8aba-f7be3d579bac,10,idea_suggestion,b,d,d,d,d,error,error,strict_default_error,,valid
da695006-b689-41c5-8669-709280b2b57a,10,user_shared_fact_recall,b,a,a,a,a,error,error,strict_default_error,,valid
ad0031a6-d841-441b-9e91-e7657ec586be,10,idea_suggestion,a,c,b,c,b,error,error,strict_default_error,,valid
6d791bd6-7afd-4b9e-ad78-a5fcec662330,10,idea_suggestion,d,c,c,c,c,error,error,strict_default_error,,valid
026b9168-9749-4ed5-bffc-cc972079a0d9,10,idea_suggestion,d,c,a,c,a,error,error,strict_default_error,,valid
38eb7c8c-7d0b-42bf-9a12-bba4d5469129,10,scenario_generalization,c,a,a,a,a,error,error,strict_default_error,,valid
c0c4fb2f-d06d-44f1-8d68-66153f057509,10,idea_suggestion,c,b,a,b,a,error,error,strict_default_error,,valid
43653af1-207b-4de7-b29c-df5c9e29ead8,13,idea_suggestion,c,d,a,d,a,error,error,strict_default_error,,valid
bd19b555-7c4a-401e-8033-36658ee6650a,13,user_shared_fact_recall,a,d,d,d,d,error,error,strict_default_error,,valid
112eeb1b-84d0-47b2-a983-4cb3a0b8287f,13,idea_suggestion,b,a,d,a,d,error,error,strict_default_error,,valid
f7083e6c-28fe-4c88-83c8-3f9d07bd7ff2,13,user_shared_fact_recall,b,a,a,a,a,error,error,strict_default_error,,valid
f7b31f4b-e088-4a2e-a505-1e3cd7426e9e,13,idea_suggestion,d,a,a,a,a,error,error,strict_default_error,,valid
d7b6a963-7e3c-4f57-8d95-6a11200e3006,13,scenario_generalization,c,a,a,a,a,error,error,strict_default_error,,valid
6dbbb830-c7ef-4e78-b7ce-fe7fe6406c64,13,preference_evolution_tracking,b,a,a,(a),a,error,error,strict_default_error,,valid
b3e1f0b5-3268-48c0-8d4d-b2d65e3aa27f,13,preference_evolution_tracking,d,a,a,(a),a,error,error,strict_default_error,,valid
783c8c96-60be-42d5-8d35-925860ab8101,13,idea_suggestion,d,a,a,a,a,error,error,strict_default_error,,valid
3c476cc8-eec7-4c50-8b5d-02624ce375fd,13,user_shared_fact_recall,a,d,d,d,d,error,error,strict_default_error,,valid
57154824-9041-47ce-ae17-27b93e7cd1ce,13,idea_suggestion,d,a,c,a,c,error,error,strict_default_error,,valid
44c04db4-7f3c-4af9-b1a2-7aebfe0b27c8,13,user_shared_fact_recall,c,d,a,d,a,error,error,strict_default_error,,valid
6defbf8e-0c2e-42f6-99e0-809ec183852e,13,preference_aligned_recommendation,b,a,c,a,c,error,error,strict_default_error,,valid
63f0c40f-a1c8-4e5d-af0a-37bc2b317185,13,idea_suggestion,c,a,a,a,a,error,error,strict_default_error,,valid
d72d5e18-1633-48a6-8d01-824992353c91,13,idea_suggestion,c,a,a,a,a,error,error,strict_default_error,,valid
4c2d81ce-4d7c-4749-b279-015e54d06032,13,user_shared_fact_recall,b,a,c,"I'm happy to help, but I must correct the assumption in your question. Since this is the beginning of our conversation, I haven't made any previous statements about budgeting or travel expenses.

However, since you asked for a response with a single letter only:

a",c,error,error,strict_default_error,,valid
204043d9-1e4a-4687-838e-9d6a50103321,13,scenario_generalization,d,c,c,c,c,error,error,strict_default_error,,valid
0034a537-925f-448b-b275-eae07f3d9ae5,15,user_shared_fact_recall,d,c,c,c,c,error,error,strict_default_error,,valid
f5fbee78-8b66-4ed1-939e-2a53c04f644e,15,scenario_generalization,d,a,a,a,a,error,error,strict_default_error,,valid
e15e965d-96ff-4780-8cb9-f3b1945cd50e,15,preference_update_reason_recall,c,d,d,d,d,error,error,strict_default_error,,valid
5b89afd0-0a1f-471b-a848-93519f8eb376,15,preference_evolution_tracking,d,a,a,(a),a,error,error,strict_default_error,,valid
6d9d885e-b8fd-47c7-9be8-8b3b35561b05,15,preference_evolution_tracking,b,a,a,(a),a,error,error,strict_default_error,,valid
8a619ddd-0b6d-494b-84ca-e1ba71c43631,15,user_shared_fact_recall,d,a,a,a,a,error,error,strict_default_error,,valid
91f0ec98-5f4e-408b-92cd-83a6dc2b1334,15,preference_aligned_recommendation,d,a,a,a,a,error,error,strict_default_error,,valid
ab2ae798-4c7a-45a1-83f7-316ee17efdaf,15,scenario_generalization,d,c,c,c,c,error,error,strict_default_error,,valid
2435e723-0b26-487b-927c-9fabc070b2b0,15,idea_suggestion,d,a,a,a,a,error,error,strict_default_error,,valid
c184227e-848c-4bb4-b6e0-04be947a6b5f,17,user_shared_fact_recall,d,a,a,a,a,error,error,strict_default_error,,valid
4a1d9313-7e19-446d-b3fa-47f7e7b06b90,17,idea_suggestion,c,a,b,a,b,error,error,strict_default_error,,valid
2ad26a7d-6a5a-499a-8ad2-0f10b7e47b22,17,scenario_generalization,c,a,a,a,a,error,error,strict_default_error,,valid
bb7cf8c9-546c-4876-92de-7cddedadc66c,17,preference_update_reason_recall,d,a,a,"I think I'll choose ""a"". The question is asking about painting, not reading, so none of the options directly apply to the original query. However, option (a) seems like it could be adapted to fit the context of exploring new directions in a hobby like painting.

So: a",a,error,error,strict_default_error,,valid
1d914339-dec5-4e6d-90e2-881c5ca505fc,17,idea_suggestion,a,b,b,b,b,error,error,strict_default_error,,valid
3d55e422-b2c5-45e2-be17-2d0acb6a11bf,17,preference_update_reason_recall,b,a,a,a,a,error,error,strict_default_error,,valid
aa303aec-d355-4dc2-bae6-116e76aa0863,17,preference_evolution_tracking,b,a,a,(a),a,error,error,strict_default_error,,valid
f338ddc8-f9a8-4744-b41a-39187a428e4c,17,user_shared_fact_recall,d,a,c,a,c,error,error,strict_default_error,,valid
94dd239b-538f-456d-8288-9973a0f28d1b,17,idea_suggestion,d,a,a,a,a,error,error,strict_default_error,,valid
53a3567c-de36-4e8d-8394-42ac14055b28,17,user_shared_fact_recall,a,b,d,b,d,error,error,strict_default_error,,valid
ad77128c-1add-4a9a-a2cb-4298db284720,17,preference_aligned_recommendation,d,a,a,a,a,error,error,strict_default_error,,valid
9ac098cd-a109-412a-ad1a-ad90f2f8a6d3,17,scenario_generalization,b,d,d,d,d,error,error,strict_default_error,,valid
703e0b7b-103f-49fe-ad78-02f9ac6be46e,17,idea_suggestion,c,a,a,a,a,error,error,strict_default_error,,valid
84b7867f-531e-44bf-8d44-b5ddff5809d0,17,latest_preference_acknowledgement,c,a,a,a,a,error,error,strict_default_error,,valid
06688162-3951-4dad-b5d2-58bc06cad3ff,17,user_shared_fact_recall,a,d,d,d,d,error,error,strict_default_error,,valid
f0f1c22f-ab86-4d6f-a017-6cdb7f5e88f4,17,preference_update_reason_recall,d,a,a,a,a,error,error,strict_default_error,,valid
1ad2cae4-0111-48b7-8737-48757d5bd73a,17,user_shared_fact_recall,d,a,c,a,c,error,error,strict_default_error,,valid
e294a388-1896-46e0-86bb-38e879989b87,18,preference_aligned_recommendation,b,a,a,a,a,error,error,strict_default_error,,valid
34737b01-85e0-4d41-bed6-5845ec2df199,18,idea_suggestion,d,a,a,a,a,error,error,strict_default_error,,valid
948ab76b-ba84-4c3b-8683-3d2d9f10283d,18,scenario_generalization,c,a,a,a,a,error,error,strict_default_error,,valid
2c85c2a6-07ec-4ab1-92cc-06dc775f4fe8,18,user_shared_fact_recall,d,b,b,b,b,error,error,strict_default_error,,valid
db7283be-ad68-479c-8550-a70511133cb9,18,preference_aligned_recommendation,c,a,b,a,b,error,error,strict_default_error,,valid
ea7f40eb-ab63-4506-83b0-aa2653b59c6c,18,idea_suggestion,c,d,a,d,a,error,error,strict_default_error,,valid
bb3b169c-68f3-4149-a016-643fa7cc8a05,18,scenario_generalization,c,a,a,a,a,error,error,strict_default_error,,valid
1d0b9872-83cf-46f0-9f3c-9f78d83ea8c1,19,idea_suggestion,c,a,a,a,a,error,error,strict_default_error,,valid
986bf2ed-62a8-4009-a2ce-897b9f9617b2,19,user_shared_fact_recall,a,b,d,b,d,error,error,strict_default_error,,valid
a3ca851e-aed8-4567-a3aa-a8cfb1434b34,19,preference_aligned_recommendation,b,a,a,a,a,error,error,strict_default_error,,valid
7b9b21cf-c225-46ea-8e38-0d827a0152bb,19,idea_suggestion,b,a,a,a,a,error,error,strict_default_error,,valid
551f1c93-5edc-4053-8449-e9cf41f5a40a,19,scenario_generalization,c,a,a,a,a,error,error,strict_default_error,,valid
96c59ef8-9667-4acb-960e-7a287ac41276,19,preference_aligned_recommendation,a,c,c,c,c,error,error,strict_default_error,,valid
0178026c-bec6-4728-aae7-612b8b43ec50,19,idea_suggestion,c,a,a,a,a,error,error,strict_default_error,,valid
7fa150c3-c80b-446f-9c1e-8d786fda2d35,19,user_shared_fact_recall,a,d,c,d,c,error,error,strict_default_error,,valid
28200b70-034f-4c0c-bde7-21754136740d,19,preference_aligned_recommendation,d,a,a,a,a,error,error,strict_default_error,,valid
5e576cc9-d661-439a-aa8a-4390e4d17cad,19,idea_suggestion,d,a,a,a,a,error,error,strict_default_error,,valid
0441a1ba-0d67-47a1-a910-00306910a6e3,19,idea_suggestion,b,a,a,a,a,error,error,strict_default_error,,valid
fcfde00b-be10-4c52-922d-85cf7ae9f556,19,preference_update_reason_recall,b,d,d,d,d,error,error,strict_default_error,,valid
11102cd9-63fe-4eed-9e76-3416c176bcfa,2,user_shared_fact_recall,c,a,a,a,a,error,error,strict_default_error,,valid
c0d8eb9c-0a8a-47a0-a2bc-2f6e5724d33a,2,idea_suggestion,a,b,b,b,b,error,error,strict_default_error,,valid
14f4861a-612b-462b-9b6b-2d9f0f903be3,2,user_shared_fact_recall,b,a,d,a,d,error,error,strict_default_error,,valid
6ce5781d-0d4f-44ea-a5dc-bcc92e170023,2,preference_update_reason_recall,b,a,a,a,a,error,error,strict_default_error,,valid
fc1efddc-3e19-41f1-b4a9-1312ed6d9057,2,preference_evolution_tracking,b,a,a,a,a,error,error,strict_default_error,,valid
e35caa23-d8d2-47bf-8b2e-38c1f2520491,2,preference_evolution_tracking,b,a,a,a,a,error,error,strict_default_error,,valid
1856f94d-08f2-427e-b7cb-19705c5bd840,2,user_shared_fact_recall,c,a,a,a,a,error,error,strict_default_error,,valid
d7d819ae-248f-4adb-b506-0c647d128940,2,user_shared_fact_recall,b,a,a,a,a,error,error,strict_default_error,,valid
ff92b10b-5eaa-4cc7-8a97-2e392059a52a,2,idea_suggestion,a,b,c,b,c,error,error,strict_default_error,,valid
e432666f-1c45-4591-9fad-a29a05133577,2,user_shared_fact_recall,b,a,a,a,a,error,error,strict_default_error,,valid
4e673ae2-aedb-4e12-83c9-9cb17e6b2711,2,scenario_generalization,c,a,a,(a),a,error,error,strict_default_error,,valid
fb9e4359-67e5-4024-bb18-16404416ed98,2,preference_evolution_tracking,b,a,a,a,a,error,error,strict_default_error,,valid
350e033e-eea9-48ac-ac7b-bad63241ced1,4,idea_suggestion,b,d,d,d,d,error,error,strict_default_error,,valid
8dbe465c-85ad-4663-a517-da7b86418cde,4,latest_preference_acknowledgement,c,a,a,a,a,error,error,strict_default_error,,valid
127fe595-7428-49a2-acda-69b878ab2c5f,4,idea_suggestion,b,c,a,c,a,error,error,strict_default_error,,valid
64e6edb1-2675-4bec-bac5-ac3cffb7a36c,4,preference_update_reason_recall,c,a,a,a,a,error,error,strict_default_error,,valid
1cd2d37b-de1b-4775-a063-d4543d602d3d,4,preference_evolution_tracking,c,a,a,(a),a,error,error,strict_default_error,,valid
73e8d675-06f9-4452-971e-03d837195d01,4,idea_suggestion,a,d,d,d,d,error,error,strict_default_error,,valid
91daf2b4-5872-4425-a99a-5d4cb56595ba,4,latest_preference_acknowledgement,a,d,b,d,b,error,error,strict_default_error,,valid
32fae586-e53b-4dae-b8d3-d7c8e930ff56,4,idea_suggestion,d,a,a,a,a,error,error,strict_default_error,,valid
8c6f3412-d822-4131-9a51-184e6da3f476,4,scenario_generalization,d,a,a,(a),a,error,error,strict_default_error,,valid
17fcd044-0c7f-4e2a-8932-59d7c3fbf287,4,preference_update_reason_recall,d,a,c,a,c,error,error,strict_default_error,,valid
3bf72ac4-729e-49b0-ac4f-944a5ac1a0c1,4,preference_evolution_tracking,d,a,a,a,a,error,error,strict_default_error,,valid
7f8add19-4847-455b-b8a7-df79a9acd5a5,5,preference_aligned_recommendation,b,a,a,a,a,error,error,strict_default_error,,valid
adc105c8-02cd-4e66-88c0-68968035398f,5,idea_suggestion,c,b,a,b,a,error,error,strict_default_error,,valid
74abe13d-d4f9-4b4b-8d9e-94464d08a636,5,latest_preference_acknowledgement,b,a,a,a,a,error,error,strict_default_error,,valid
1665b30d-0725-424a-bc49-5f938f42fd6b,5,idea_suggestion,b,a,a,a,a,error,error,strict_default_error,,valid
ce8e9ca3-761d-4e57-ba31-43d1398259dc,5,scenario_generalization,c,a,a,a,a,error,error,strict_default_error,,valid
89a5b2d8-8c1f-4f31-b71d-cf4f571b7226,5,preference_aligned_recommendation,b,c,d,c,d,error,error,strict_default_error,,valid
4ca39433-1e20-41f7-afcc-e5dc7db41d6f,5,preference_update_reason_recall,c,a,a,a,a,error,error,strict_default_error,,valid
c9fda643-762e-426a-8079-cffcd98c3fe5,5,preference_evolution_tracking,d,a,c,(a),c,error,error,strict_default_error,,valid
65bb82b6-1ad9-44f5-8df1-1716467aca2c,5,preference_evolution_tracking,c,b,b,(b),b,error,error,strict_default_error,,valid
8e77a1eb-94be-451f-8c6e-db50537a602e,5,user_shared_fact_recall,d,a,a,a,a,error,error,strict_default_error,,valid
f9a80fab-b8e6-4522-8484-0752aa2bc7aa,5,idea_suggestion,d,c,a,c,a,error,error,strict_default_error,,valid
ff9cb595-a574-4391-a958-a887319179f5,5,idea_suggestion,b,d,a,d,a,error,error,strict_default_error,,valid
da4a4328-ed46-4c41-b7fa-650542a48ccc,5,latest_preference_acknowledgement,d,a,a,a,a,error,error,strict_default_error,,valid
3e4cc77a-0434-4dd4-a89a-de7c34c5826e,5,idea_suggestion,c,a,a,a,a,error,error,strict_default_error,,valid
aa07fafd-24e4-4d58-b765-1ff579136559,5,preference_update_reason_recall,d,a,a,a,a,error,error,strict_default_error,,valid
262dad1a-fee3-45ce-8014-f2f152076c3d,5,preference_evolution_tracking,b,a,c,a,c,error,error,strict_default_error,,valid
609d3e48-48b8-4cfd-bb2c-7d242d97144f,5,preference_evolution_tracking,b,a,c,a,c,error,error,strict_default_error,,valid
b4f5871e-6128-42d4-9d71-f7ef952fc3dd,11,user_shared_fact_recall,c,d,a,d,a,error,error,strict_default_error,,valid
15153299-ad3a-477e-8eee-29f95de9f0d9,11,scenario_generalization,b,d,d,(d),d,error,error,strict_default_error,,valid
d2cb516a-0868-4332-93d9-64e6e73f4450,11,idea_suggestion,c,b,b,b,b,error,error,strict_default_error,,valid
a1069348-3778-4d08-ae72-fccf8ac23a0f,11,user_shared_fact_recall,d,a,b,a,b,error,error,strict_default_error,,valid
51d9fdba-9e05-411f-a933-a30c561e4a57,11,idea_suggestion,c,b,a,b,a,error,error,strict_default_error,,valid
2aeaf04c-5dbb-4631-9453-9d55438e7e24,11,idea_suggestion,b,a,a,a,a,error,error,strict_default_error,,valid
edcae48c-d5f6-4aba-9aae-d6946ded8ad8,11,user_shared_fact_recall,d,c,c,c,c,error,error,strict_default_error,,valid
d3a4e999-b4c7-4a45-aa8a-c79f17f11b39,11,user_shared_fact_recall,c,d,d,d,d,error,error,strict_default_error,,valid
3ce8e64d-fbe4-429a-b403-56f893f0c065,11,user_shared_fact_recall,d,a,c,a,c,error,error,strict_default_error,,valid
9a913460-4575-43eb-97c8-5b75bcc529f2,11,preference_evolution_tracking,c,a,a,a,a,error,error,strict_default_error,,valid
1aa9fb49-9af5-4097-9d26-d03a8be9d4d8,11,preference_evolution_tracking,c,d,b,(d),b,error,error,strict_default_error,,valid
827b4d7e-4a87-4500-8399-9ea7e01c6ff1,11,preference_evolution_tracking,d,a,a,(a),a,error,error,strict_default_error,,valid
9f8abbfe-84a6-4761-b791-f1d6e9763ffc,11,preference_aligned_recommendation,c,a,a,a,a,error,error,strict_default_error,,valid
87cfa0aa-b318-4b34-8fc5-545fd51e734c,11,user_shared_fact_recall,d,a,a,a,a,error,error,strict_default_error,,valid
f60ea749-0577-409d-ac52-5fbbdbb5d983,11,scenario_generalization,c,b,b,(b),b,error,error,strict_default_error,,valid
7f52c9fa-1023-4c89-a7b1-3f99a838e8a2,11,idea_suggestion,b,d,d,d,d,error,error,strict_default_error,,valid
9b5d8c65-f439-47da-a21b-f05743cba515,11,user_shared_fact_recall,a,b,b,b,b,error,error,strict_default_error,,valid
d7fa502c-7f82-41a6-96f6-09e6d2c0f226,11,idea_suggestion,b,a,a,a,a,error,error,strict_default_error,,valid
f36d7363-e2c5-4b84-8c08-f5910f5a58a0,11,idea_suggestion,c,a,a,a,a,error,error,strict_default_error,,valid
fa4ad54b-18f7-41f7-b596-a2606959aef2,11,idea_suggestion,b,a,a,a,a,error,error,strict_default_error,,valid
d3cf97c8-4698-49d0-bc39-25cdc856f295,11,idea_suggestion,c,a,a,a,a,error,error,strict_default_error,,valid
5cc4f974-9afb-42f9-be6a-5453d317c7bc,11,user_shared_fact_recall,b,a,d,a,d,error,error,strict_default_error,,valid
27ad7552-b0e8-440b-b0e1-19c3c216e36a,11,user_shared_fact_recall,d,a,a,a,a,error,error,strict_default_error,,valid
c0af6d57-9c9e-4c7a-ab49-58694a315162,14,latest_preference_acknowledgement,c,d,d,d,d,error,error,strict_default_error,,valid
f6cb61c7-b41d-4c26-8100-f0de3451cae4,14,preference_aligned_recommendation,d,a,c,a,c,error,error,strict_default_error,,valid
9161909e-12fd-45a3-8c83-c852490945f8,14,idea_suggestion,a,c,b,c,b,error,error,strict_default_error,,valid
af67ab1b-1701-4313-95dd-184ee080fca1,14,idea_suggestion,d,a,c,a,c,error,error,strict_default_error,,valid
f817828d-7bed-46a0-806b-2fd7cedfb7af,14,user_shared_fact_recall,c,b,b,b,b,error,error,strict_default_error,,valid
7b638718-497e-46e4-ae40-26ab3b77ff03,14,preference_evolution_tracking,b,a,c,a,c,error,error,strict_default_error,,valid
0439324c-7152-40fd-9092-1fb29983bcf3,14,preference_evolution_tracking,b,a,c,(a),c,error,error,strict_default_error,,valid
df1778bf-bc0a-4679-ad94-914a13529242,14,idea_suggestion,a,b,b,b,b,error,error,strict_default_error,,valid
ced344f8-d07a-458f-bebe-131e8e7a6b88,14,preference_aligned_recommendation,d,a,c,a,c,error,error,strict_default_error,,valid
ec9c7628-9919-4234-b7b8-b90eda49cec5,16,preference_aligned_recommendation,d,a,a,a,a,error,error,strict_default_error,,valid
889bbfe8-e274-47cd-8807-a5f93654c6a6,16,user_shared_fact_recall,d,a,a,"I'm a large language model, I don't have personal experiences or memories, so I'll choose:

a",a,error,error,strict_default_error,,valid
2747972e-07b2-461d-9acb-a8495bfef4c2,16,user_shared_fact_recall,d,a,a,a,a,error,error,strict_default_error,,valid
ffe01d3c-de5c-4c67-b2db-e4983dfc6abc,16,latest_preference_acknowledgement,c,b,b,b,b,error,error,strict_default_error,,valid
d2c42ca1-5b3a-48b4-b3cc-ea27b9bed8e3,16,user_shared_fact_recall,a,b,b,b,b,error,error,strict_default_error,,valid
4e2111be-1c29-4a8e-b9cb-a6ab437f3276,16,preference_update_reason_recall,c,a,a,a,a,error,error,strict_default_error,,valid
72cb814c-aa52-4f39-a647-24aec1e3037c,16,preference_evolution_tracking,b,a,a,a,a,error,error,strict_default_error,,valid
cb6ac767-818a-4298-98d0-ef0f5c70bde0,16,user_shared_fact_recall,d,a,a,"I'm a large language model, I don't have personal experiences or memories, so I'll choose:

a",a,error,error,strict_default_error,,valid
1837d1a9-0a9b-49ad-b65a-d862c631d523,16,idea_suggestion,d,a,a,a,a,error,error,strict_default_error,,valid
83dd91dc-0758-4159-8f6f-da0ee04d864f,16,idea_suggestion,d,a,c,a,c,error,error,strict_default_error,,valid
7d35c867-43e3-4456-afd9-22a76b136162,12,preference_aligned_recommendation,d,a,a,a,a,error,error,strict_default_error,,valid
8a432a27-3c39-426f-a853-fe8f8b3c5c41,12,user_shared_fact_recall,c,a,a,a,a,error,error,strict_default_error,,valid
26d79f5e-e405-45f6-add6-723bc0031dbb,12,idea_suggestion,b,a,a,a,a,error,error,strict_default_error,,valid
a2543130-a95f-4bb4-877f-0d82314abfa3,12,scenario_generalization,c,a,a,a,a,error,error,strict_default_error,,valid
9af8a326-7675-42e0-861f-d99f2e28be46,12,idea_suggestion,d,a,c,a,c,error,error,strict_default_error,,valid
78ebcdd3-c419-4777-be35-ab836f645b9e,12,user_shared_fact_recall,b,a,c,a,c,error,error,strict_default_error,,valid
50577261-33b6-4648-aa14-aa2b6e0523ac,12,user_shared_fact_recall,d,a,a,a,a,error,error,strict_default_error,,valid
431e1c24-b09a-4bc4-b6d0-32e7c0631353,12,idea_suggestion,c,a,a,a,a,error,error,strict_default_error,,valid
2f795c6f-e04f-4af0-8ff4-feff57e54a48,12,user_shared_fact_recall,b,d,d,d,d,error,error,strict_default_error,,valid
c4e7795b-6bf2-4a87-af16-37ecb451c11b,12,idea_suggestion,c,d,a,d,a,error,error,strict_default_error,,valid
1743e9cb-de16-4ea8-80cf-fef97a8b2259,12,user_shared_fact_recall,c,a,a,a,a,error,error,strict_default_error,,valid
bdc22325-20bb-4bef-b9c1-9615c0d68e60,12,preference_aligned_recommendation,c,a,a,a,a,error,error,strict_default_error,,valid
32fb0781-a149-4a83-b346-467e88f81710,12,user_shared_fact_recall,b,a,a,a,a,error,error,strict_default_error,,valid
194ce23e-d6d7-46f9-99b0-a0eba223a0ee,12,idea_suggestion,d,a,a,a,a,error,error,strict_default_error,,valid
a64ba818-abee-404e-9a38-f440b74bcca7,12,user_shared_fact_recall,b,d,a,d,a,error,error,strict_default_error,,valid
cb4799ed-15e8-4dda-a716-b81fa1d6d9da,12,scenario_generalization,d,a,a,a,a,error,error,strict_default_error,,valid
2575c3c6-5061-4db3-ba98-f33e1280f48f,12,idea_suggestion,b,a,a,a,a,error,error,strict_default_error,,valid
33755e8c-b501-4c53-ae56-d91bf60477f7,12,idea_suggestion,b,a,c,a,c,error,error,strict_default_error,,valid
f34cb168-97ab-4b89-92c6-9ff84bd3c5e1,12,user_shared_fact_recall,d,a,b,a,b,error,error,strict_default_error,,valid
