"question_id","question_type","excluded_as_ku","is_abstention","n_evidence_sessions","n_has_answer_turns","target_determinacy_flag","target_determinacy_reason","single_source_localizable_flag","localizable_reason","evidence_session_id","evidence_turn_indices","determinacy_filter_pass"
"001be529","single-session-user","False","False","1","1","True","","True","","answer_530960c1","[4]","True"
"00ca467f","multi-session","False","False","3","2","True","","False","evidence spans 3 sessions, not 1","","[]","False"
"0100672e","multi-session","False","False","2","2","True","","False","evidence spans 2 sessions, not 1","","[]","False"
"01493427","knowledge-update","True","False","2","","False","excluded: knowledge-update (competing old/new values; CLAUDE.md invariant)","False","excluded: knowledge-update","","[]","False"
"031748ae","knowledge-update","True","False","2","","False","excluded: knowledge-update (competing old/new values; CLAUDE.md invariant)","False","excluded: knowledge-update","","[]","False"
"031748ae_abs","knowledge-update","True","True","2","","False","excluded: knowledge-update (competing old/new values; CLAUDE.md invariant)","False","excluded: knowledge-update","","[]","False"
"06878be2","single-session-preference","False","False","1","3","True","","True","","answer_555dfb94","[0, 8, 14]","True"
"06db6396","knowledge-update","True","False","2","","False","excluded: knowledge-update (competing old/new values; CLAUDE.md invariant)","False","excluded: knowledge-update","","[]","False"
"06f04340","single-session-preference","False","False","1","1","True","","True","","answer_92d5f7cd","[4]","True"
"07741c44","knowledge-update","True","False","2","","False","excluded: knowledge-update (competing old/new values; CLAUDE.md invariant)","False","excluded: knowledge-update","","[]","False"
"07741c45","knowledge-update","True","False","2","","False","excluded: knowledge-update (competing old/new values; CLAUDE.md invariant)","False","excluded: knowledge-update","","[]","False"
"078150f1","multi-session","False","False","2","3","True","","False","evidence spans 2 sessions, not 1","","[]","False"
"07b6f563","single-session-preference","False","False","1","2","True","","True","","answer_d03098f9","[0, 2]","True"
"0862e8bf","single-session-user","False","False","1","1","True","","True","","answer_c6fd8ebd","[10]","True"
"0862e8bf_abs","single-session-user","False","True","1","0","False","abstention item: gold target is 'insufficient information', not a positive fact to audit for evidence sufficiency","False","no has_answer turn found within the single evidence session","","[]","False"
"08e075c7","knowledge-update","True","False","2","","False","excluded: knowledge-update (competing old/new values; CLAUDE.md invariant)","False","excluded: knowledge-update","","[]","False"
"08f4fc43","temporal-reasoning","False","False","2","2","True","","False","evidence spans 2 sessions, not 1","","[]","False"
"0977f2af","knowledge-update","True","False","2","","False","excluded: knowledge-update (competing old/new values; CLAUDE.md invariant)","False","excluded: knowledge-update","","[]","False"
"099778bb","multi-session","False","False","2","2","True","","False","evidence spans 2 sessions, not 1","","[]","False"
"09ba9854","multi-session","False","False","2","2","True","","False","evidence spans 2 sessions, not 1","","[]","False"
"09ba9854_abs","multi-session","False","True","2","1","False","abstention item: gold target is 'insufficient information', not a positive fact to audit for evidence sufficiency","False","evidence spans 2 sessions, not 1","","[]","False"
"09d032c9","single-session-preference","False","False","1","1","True","","True","","answer_b10dce5e","[0]","True"
"0a34ad58","single-session-preference","False","False","1","2","True","","True","","answer_cebb7159","[2, 6]","True"
"0a995998","multi-session","False","False","3","3","True","","False","evidence spans 3 sessions, not 1","","[]","False"
"0bb5a684","temporal-reasoning","False","False","2","2","True","","False","evidence spans 2 sessions, not 1","","[]","False"
"0bc8ad92","temporal-reasoning","False","False","3","3","True","","False","evidence spans 3 sessions, not 1","","[]","False"
"0bc8ad93","temporal-reasoning","False","False","3","1","True","","False","evidence spans 3 sessions, not 1","","[]","False"
"0db4c65d","temporal-reasoning","False","False","2","2","True","","False","evidence spans 2 sessions, not 1","","[]","False"
"0ddfec37","knowledge-update","True","False","2","","False","excluded: knowledge-update (competing old/new values; CLAUDE.md invariant)","False","excluded: knowledge-update","","[]","False"
"0ddfec37_abs","knowledge-update","True","True","2","","False","excluded: knowledge-update (competing old/new values; CLAUDE.md invariant)","False","excluded: knowledge-update","","[]","False"
"0e4e4c46","knowledge-update","True","False","2","","False","excluded: knowledge-update (competing old/new values; CLAUDE.md invariant)","False","excluded: knowledge-update","","[]","False"
"0e5e2d1a","single-session-assistant","False","False","1","1","True","","True","","answer_ultrachat_113156","[3]","True"
"0ea62687","multi-session","False","False","2","2","True","","False","evidence spans 2 sessions, not 1","","[]","False"
"0edc2aef","single-session-preference","False","False","1","1","True","","True","","answer_d586e9cd","[2]","True"
"0f05491a","knowledge-update","True","False","2","","False","excluded: knowledge-update (competing old/new values; CLAUDE.md invariant)","False","excluded: knowledge-update","","[]","False"
"10d9b85a","multi-session","False","False","2","2","True","","False","evidence spans 2 sessions, not 1","","[]","False"
"10e09553","knowledge-update","True","False","2","","False","excluded: knowledge-update (competing old/new values; CLAUDE.md invariant)","False","excluded: knowledge-update","","[]","False"
"118b2229","single-session-user","False","False","1","1","True","","True","","answer_40a90d51","[8]","True"
"1192316e","multi-session","False","False","2","2","True","","False","evidence spans 2 sessions, not 1","","[]","False"
"129d1232","multi-session","False","False","3","3","True","","False","evidence spans 3 sessions, not 1","","[]","False"
"1568498a","single-session-assistant","False","False","1","1","True","","True","","answer_sharegpt_d6JJiqH_76","[19]","True"
"15745da0","single-session-user","False","False","1","1","True","","True","","answer_586de428","[4]","True"
"15745da0_abs","single-session-user","False","True","1","0","False","abstention item: gold target is 'insufficient information', not a positive fact to audit for evidence sufficiency","False","no has_answer turn found within the single evidence session","","[]","False"
"157a136e","multi-session","False","False","2","3","True","","False","evidence spans 2 sessions, not 1","","[]","False"
"16c90bf4","single-session-assistant","False","False","1","1","True","","True","","answer_ultrachat_294807","[3]","True"
"184da446","knowledge-update","True","False","2","","False","excluded: knowledge-update (competing old/new values; CLAUDE.md invariant)","False","excluded: knowledge-update","","[]","False"
"18bc8abd","knowledge-update","True","False","2","","False","excluded: knowledge-update (competing old/new values; CLAUDE.md invariant)","False","excluded: knowledge-update","","[]","False"
"18dcd5a5","single-session-assistant","False","False","1","1","True","","True","","answer_sharegpt_hn3IS1q_0","[1]","True"
"1903aded","single-session-assistant","False","False","1","1","True","","True","","answer_sharegpt_hA7AkP3_0","[1]","True"
"195a1a1b","single-session-preference","False","False","1","1","True","","True","","answer_6dc4305e","[4]","True"
"19b5f2b3","single-session-user","False","False","1","1","True","","True","","answer_5ff494b9","[2]","True"
"19b5f2b3_abs","single-session-user","False","True","1","0","False","abstention item: gold target is 'insufficient information', not a positive fact to audit for evidence sufficiency","False","no has_answer turn found within the single evidence session","","[]","False"
"1a1907b4","single-session-preference","False","False","1","1","True","","True","","answer_719502eb","[2]","True"
"1a8a66a6","multi-session","False","False","4","3","True","","False","evidence spans 4 sessions, not 1","","[]","False"
"1b9b7252","single-session-assistant","False","False","1","1","True","","True","","answer_ultrachat_115151","[3]","True"
"1c0ddc50","single-session-preference","False","False","1","2","True","","True","","answer_8da8c7e0","[0, 4]","True"
"1c549ce4","multi-session","False","False","2","2","True","","False","evidence spans 2 sessions, not 1","","[]","False"
"1cea1afa","knowledge-update","True","False","2","","False","excluded: knowledge-update (competing old/new values; CLAUDE.md invariant)","False","excluded: knowledge-update","","[]","False"
"1d4da289","single-session-assistant","False","False","1","1","True","","True","","answer_ultrachat_348449","[1]","True"
"1d4e3b97","single-session-preference","False","False","1","2","True","","True","","answer_e6b6353d","[2, 4]","True"
"1da05512","single-session-preference","False","False","1","2","True","","True","","answer_4d3be2ab","[0, 4]","True"
"1de5cff2","single-session-assistant","False","False","1","1","True","","True","","answer_ultrachat_440262","[7]","True"
"1e043500","single-session-user","False","False","1","1","True","","True","","answer_3e012175","[2]","True"
"1f2b8d4f","multi-session","False","False","2","2","True","","False","evidence spans 2 sessions, not 1","","[]","False"
"1faac195","single-session-user","False","False","1","1","True","","True","","answer_d01949bf","[2]","True"
"2133c1b5","knowledge-update","True","False","2","","False","excluded: knowledge-update (competing old/new values; CLAUDE.md invariant)","False","excluded: knowledge-update","","[]","False"
"2133c1b5_abs","knowledge-update","True","True","2","","False","excluded: knowledge-update (competing old/new values; CLAUDE.md invariant)","False","excluded: knowledge-update","","[]","False"
"21436231","single-session-user","False","False","1","1","True","","True","","answer_1e6d4567","[2]","True"
"21d02d0d","multi-session","False","False","2","2","True","","False","evidence spans 2 sessions, not 1","","[]","False"
"22d2cb42","knowledge-update","True","False","2","","False","excluded: knowledge-update (competing old/new values; CLAUDE.md invariant)","False","excluded: knowledge-update","","[]","False"
"2311e44b","multi-session","False","False","2","2","True","","False","evidence spans 2 sessions, not 1","","[]","False"
"2311e44b_abs","multi-session","False","True","2","0","False","abstention item: gold target is 'insufficient information', not a positive fact to audit for evidence sufficiency","False","evidence spans 2 sessions, not 1","","[]","False"
"2318644b","multi-session","False","False","2","2","True","","False","evidence spans 2 sessions, not 1","","[]","False"
"25e5aa4f","single-session-user","False","False","1","1","True","","True","","answer_986de8c3","[4]","True"
"2698e78f","knowledge-update","True","False","2","","False","excluded: knowledge-update (competing old/new values; CLAUDE.md invariant)","False","excluded: knowledge-update","","[]","False"
"2698e78f_abs","knowledge-update","True","True","2","","False","excluded: knowledge-update (competing old/new values; CLAUDE.md invariant)","False","excluded: knowledge-update","","[]","False"
"26bdc477","knowledge-update","True","False","2","","False","excluded: knowledge-update (competing old/new values; CLAUDE.md invariant)","False","excluded: knowledge-update","","[]","False"
"27016adc","multi-session","False","False","2","2","True","","False","evidence spans 2 sessions, not 1","","[]","False"
"2788b940","multi-session","False","False","4","5","True","","False","evidence spans 4 sessions, not 1","","[]","False"
"28bcfaac","single-session-assistant","False","False","1","1","True","","True","","answer_ultrachat_446979","[3]","True"
"28dc39ac","multi-session","False","False","5","5","True","","False","evidence spans 5 sessions, not 1","","[]","False"
"29f2956b","single-session-user","False","False","1","1","True","","True","","answer_7cc5362f","[0]","True"
"29f2956b_abs","single-session-user","False","True","1","0","False","abstention item: gold target is 'insufficient information', not a positive fact to audit for evidence sufficiency","False","no has_answer turn found within the single evidence session","","[]","False"
"2a1811e2","temporal-reasoning","False","False","2","2","True","","False","evidence spans 2 sessions, not 1","","[]","False"
"2b8f3739","multi-session","False","False","3","3","True","","False","evidence spans 3 sessions, not 1","","[]","False"
"2bf43736","single-session-assistant","False","False","1","1","True","","True","","answer_sharegpt_2kpncbX_13","[8]","True"
"2c63a862","temporal-reasoning","False","False","2","2","True","","False","evidence spans 2 sessions, not 1","","[]","False"
"2ce6a0f2","multi-session","False","False","4","4","True","","False","evidence spans 4 sessions, not 1","","[]","False"
"2e6d26dc","multi-session","False","False","4","4","True","","False","evidence spans 4 sessions, not 1","","[]","False"
"2ebe6c90","temporal-reasoning","False","False","2","2","True","","False","evidence spans 2 sessions, not 1","","[]","False"
"2ebe6c92","temporal-reasoning","False","False","2","2","True","","False","evidence spans 2 sessions, not 1","","[]","False"
"311778f1","single-session-user","False","False","1","1","True","","True","","answer_e40b054e","[2]","True"
"32260d93","single-session-preference","False","False","1","1","True","","True","","answer_0250ae1c","[0]","True"
"3249768e","single-session-assistant","False","False","1","1","True","","True","","answer_sharegpt_CaxTGYP_0","[3]","True"
"352ab8bd","single-session-assistant","False","False","1","1","True","","True","","answer_sharegpt_NoDZzot_7","[0]","True"
"35a27287","single-session-preference","False","False","1","3","True","","True","","answer_9b182436","[2, 4, 12]","True"
"36580ce8","single-session-user","False","False","1","1","True","","True","","answer_93e1bd22","[4]","True"
"36b9f61e","multi-session","False","False","3","3","True","","False","evidence spans 3 sessions, not 1","","[]","False"
"370a8ff4","temporal-reasoning","False","False","2","2","True","","False","evidence spans 2 sessions, not 1","","[]","False"
"37d43f65","single-session-user","False","False","1","1","True","","True","","answer_55161935","[2]","True"
"37f165cf","multi-session","False","False","2","2","True","","False","evidence spans 2 sessions, not 1","","[]","False"
"38146c39","single-session-preference","False","False","1","1","True","","True","","answer_772472c8","[0]","True"
"3a704032","multi-session","False","False","3","2","True","","False","evidence spans 3 sessions, not 1","","[]","False"
"3b6f954b","single-session-user","False","False","1","1","True","","True","","answer_94030872","[8]","True"
"3ba21379","knowledge-update","True","False","2","","False","excluded: knowledge-update (competing old/new values; CLAUDE.md invariant)","False","excluded: knowledge-update","","[]","False"
"3c1045c8","multi-session","False","False","2","2","True","","False","evidence spans 2 sessions, not 1","","[]","False"
"3d86fd0a","single-session-user","False","False","1","1","True","","True","","answer_19c24c11","[2]","True"
"3e321797","single-session-assistant","False","False","1","1","True","","True","","answer_ultrachat_94624","[1]","True"
"3f1e9474","single-session-user","False","False","1","1","True","","True","","answer_57fc1954","[8]","True"
"3fdac837","multi-session","False","False","2","2","True","","False","evidence spans 2 sessions, not 1","","[]","False"
"3fe836c9","multi-session","False","False","2","2","True","","False","evidence spans 2 sessions, not 1","","[]","False"
"4100d0a0","single-session-user","False","False","1","1","True","","True","","answer_83c13ff9","[2]","True"
"41275add","single-session-assistant","False","False","1","1","True","","True","","answer_sharegpt_81riySf_0","[1]","True"
"41698283","knowledge-update","True","False","2","","False","excluded: knowledge-update (competing old/new values; CLAUDE.md invariant)","False","excluded: knowledge-update","","[]","False"
"42ec0761","knowledge-update","True","False","2","","False","excluded: knowledge-update (competing old/new values; CLAUDE.md invariant)","False","excluded: knowledge-update","","[]","False"
"4388e9dd","single-session-assistant","False","False","1","1","True","","True","","answer_sharegpt_qTi81nS_0","[0]","True"
"45dc21b6","knowledge-update","True","False","2","","False","excluded: knowledge-update (competing old/new values; CLAUDE.md invariant)","False","excluded: knowledge-update","","[]","False"
"46a3abf7","multi-session","False","False","3","3","True","","False","evidence spans 3 sessions, not 1","","[]","False"
"488d3006","single-session-assistant","False","False","1","1","True","","True","","answer_ultrachat_275993","[5]","True"
"4adc0475","multi-session","False","False","2","2","True","","False","evidence spans 2 sessions, not 1","","[]","False"
"4b24c848","knowledge-update","True","False","2","","False","excluded: knowledge-update (competing old/new values; CLAUDE.md invariant)","False","excluded: knowledge-update","","[]","False"
"4baee567","single-session-assistant","False","False","1","1","True","","True","","answer_sharegpt_i9adwQn_0","[11]","True"
"4bc144e2","multi-session","False","False","2","2","True","","False","evidence spans 2 sessions, not 1","","[]","False"
"4c36ccef","single-session-assistant","False","False","1","1","True","","True","","answer_ultrachat_448704","[3]","True"
"4d6b87c8","knowledge-update","True","False","2","","False","excluded: knowledge-update (competing old/new values; CLAUDE.md invariant)","False","excluded: knowledge-update","","[]","False"
"4dfccbf7","temporal-reasoning","False","False","2","2","True","","False","evidence spans 2 sessions, not 1","","[]","False"
"4dfccbf8","temporal-reasoning","False","False","2","1","True","","False","evidence spans 2 sessions, not 1","","[]","False"
"4f54b7c9","multi-session","False","False","2","2","True","","False","evidence spans 2 sessions, not 1","","[]","False"
"4fd1909e","single-session-user","False","False","1","1","True","","True","","answer_2952aee4","[2]","True"
"5025383b","multi-session","False","False","2","2","True","","False","evidence spans 2 sessions, not 1","","[]","False"
"505af2f5","single-session-preference","False","False","1","1","True","","True","","answer_f3164f2c","[0]","True"
"50635ada","knowledge-update","True","False","2","","False","excluded: knowledge-update (competing old/new values; CLAUDE.md invariant)","False","excluded: knowledge-update","","[]","False"
"51a45a95","single-session-user","False","False","1","1","True","","True","","answer_d61669c7","[4]","True"
"51b23612","single-session-assistant","False","False","1","1","True","","True","","answer_ultrachat_427265","[1]","True"
"51c32626","multi-session","False","False","2","2","True","","False","evidence spans 2 sessions, not 1","","[]","False"
"54026fce","single-session-preference","False","False","1","1","True","","True","","answer_f7b22c66","[0]","True"
"545bd2b5","single-session-user","False","False","1","1","True","","True","","answer_47ffab4c","[4]","True"
"55241a1f","multi-session","False","False","2","2","True","","False","evidence spans 2 sessions, not 1","","[]","False"
"561fabcd","single-session-assistant","False","False","1","1","True","","True","","answer_sharegpt_hChsWOp_97","[5]","True"
"577d4d32","single-session-user","False","False","1","1","True","","True","","answer_0dd4d99a","[4]","True"
"57f827a0","single-session-preference","False","False","1","1","True","","True","","answer_1bde8d3b","[0]","True"
"5809eb10","single-session-assistant","False","False","1","1","True","","True","","answer_sharegpt_4aJsGCH_0","[0]","True"
"5831f84d","knowledge-update","True","False","2","","False","excluded: knowledge-update (competing old/new values; CLAUDE.md invariant)","False","excluded: knowledge-update","","[]","False"
"58470ed2","single-session-assistant","False","False","1","1","True","","True","","answer_sharegpt_U4oCSfU_7","[0]","True"
"58bf7951","single-session-user","False","False","1","1","True","","True","","answer_355c48bb","[4]","True"
"58ef2f1c","single-session-user","False","False","1","1","True","","True","","answer_59547700","[8]","True"
"59524333","knowledge-update","True","False","2","","False","excluded: knowledge-update (competing old/new values; CLAUDE.md invariant)","False","excluded: knowledge-update","","[]","False"
"5a4f22c0","knowledge-update","True","False","2","","False","excluded: knowledge-update (competing old/new values; CLAUDE.md invariant)","False","excluded: knowledge-update","","[]","False"
"5a7937c8","multi-session","False","False","3","3","True","","False","evidence spans 3 sessions, not 1","","[]","False"
"5c40ec5b","knowledge-update","True","False","2","","False","excluded: knowledge-update (competing old/new values; CLAUDE.md invariant)","False","excluded: knowledge-update","","[]","False"
"5d3d2817","single-session-user","False","False","1","1","True","","True","","answer_235eb6fb","[4]","True"
"5e1b23de","temporal-reasoning","False","False","1","1","True","","True","","answer_c18d480b_1","[6]","True"
"60036106","multi-session","False","False","2","2","True","","False","evidence spans 2 sessions, not 1","","[]","False"
"60159905","multi-session","False","False","2","2","True","","False","evidence spans 2 sessions, not 1","","[]","False"
"603deb26","knowledge-update","True","False","2","","False","excluded: knowledge-update (competing old/new values; CLAUDE.md invariant)","False","excluded: knowledge-update","","[]","False"
"60472f9c","multi-session","False","False","3","2","True","","False","evidence spans 3 sessions, not 1","","[]","False"
"6071bd76","knowledge-update","True","False","2","","False","excluded: knowledge-update (competing old/new values; CLAUDE.md invariant)","False","excluded: knowledge-update","","[]","False"
"60bf93ed","multi-session","False","False","2","2","True","","False","evidence spans 2 sessions, not 1","","[]","False"
"60bf93ed_abs","multi-session","False","True","2","0","False","abstention item: gold target is 'insufficient information', not a positive fact to audit for evidence sufficiency","False","evidence spans 2 sessions, not 1","","[]","False"
"60d45044","single-session-user","False","False","1","1","True","","True","","answer_9cddca88","[4]","True"
"618f13b2","knowledge-update","True","False","2","","False","excluded: knowledge-update (competing old/new values; CLAUDE.md invariant)","False","excluded: knowledge-update","","[]","False"
"61f8c8f8","multi-session","False","False","2","2","True","","False","evidence spans 2 sessions, not 1","","[]","False"
"6222b6eb","single-session-assistant","False","False","1","1","True","","True","","answer_sharegpt_H9PiM5G_0","[11]","True"
"6456829e","multi-session","False","False","2","2","True","","False","evidence spans 2 sessions, not 1","","[]","False"
"6456829e_abs","multi-session","False","True","2","1","False","abstention item: gold target is 'insufficient information', not a positive fact to audit for evidence sufficiency","False","evidence spans 2 sessions, not 1","","[]","False"
"65240037","single-session-assistant","False","False","1","1","True","","True","","answer_ultrachat_403752","[9]","True"
"6613b389","temporal-reasoning","False","False","3","2","True","","False","evidence spans 3 sessions, not 1","","[]","False"
"66f24dbb","single-session-user","False","False","1","1","True","","True","","answer_fea2e4d3","[4]","True"
"67e0d0f2","multi-session","False","False","2","2","True","","False","evidence spans 2 sessions, not 1","","[]","False"
"681a1674","multi-session","False","False","2","2","True","","False","evidence spans 2 sessions, not 1","","[]","False"
"69fee5aa","knowledge-update","True","False","2","","False","excluded: knowledge-update (competing old/new values; CLAUDE.md invariant)","False","excluded: knowledge-update","","[]","False"
"6a1eabeb","knowledge-update","True","False","2","","False","excluded: knowledge-update (competing old/new values; CLAUDE.md invariant)","False","excluded: knowledge-update","","[]","False"
"6a27ffc2","knowledge-update","True","False","2","","False","excluded: knowledge-update (competing old/new values; CLAUDE.md invariant)","False","excluded: knowledge-update","","[]","False"
"6ade9755","single-session-user","False","False","1","1","True","","True","","answer_9398da02","[4]","True"
"6ae235be","single-session-assistant","False","False","1","1","True","","True","","answer_sharegpt_IUWQYGQ_0","[1]","True"
"6aeb4375","knowledge-update","True","False","2","","False","excluded: knowledge-update (competing old/new values; CLAUDE.md invariant)","False","excluded: knowledge-update","","[]","False"
"6aeb4375_abs","knowledge-update","True","True","2","","False","excluded: knowledge-update (competing old/new values; CLAUDE.md invariant)","False","excluded: knowledge-update","","[]","False"
"6b168ec8","single-session-user","False","False","1","1","True","","True","","answer_e623ae87","[4]","True"
"6b7dfb22","single-session-preference","False","False","1","1","True","","True","","answer_f6502d0f","[12]","True"
"6c49646a","multi-session","False","False","2","2","True","","False","evidence spans 2 sessions, not 1","","[]","False"
"6cb6f249","multi-session","False","False","2","2","True","","False","evidence spans 2 sessions, not 1","","[]","False"
"6d550036","multi-session","False","False","4","4","True","","False","evidence spans 4 sessions, not 1","","[]","False"
"6e984301","temporal-reasoning","False","False","2","2","True","","False","evidence spans 2 sessions, not 1","","[]","False"
"6e984302","temporal-reasoning","False","False","2","1","True","","False","evidence spans 2 sessions, not 1","","[]","False"
"6f9b354f","single-session-user","False","False","1","1","True","","True","","answer_feb5200f","[2]","True"
"7024f17c","multi-session","False","False","3","2","True","","False","evidence spans 3 sessions, not 1","","[]","False"
"70b3e69b","single-session-assistant","False","False","1","1","True","","True","","answer_ultrachat_334948","[5]","True"
"71017276","temporal-reasoning","False","False","1","1","True","","True","","answer_0b4a8adc_1","[0]","True"
"71017277","temporal-reasoning","False","False","1","1","True","","True","","answer_0b4a8adc_1","[0]","True"
"71315a70","knowledge-update","True","False","2","","False","excluded: knowledge-update (competing old/new values; CLAUDE.md invariant)","False","excluded: knowledge-update","","[]","False"
"7161e7e2","single-session-assistant","False","False","1","1","True","","True","","answer_sharegpt_5Lzox6N_0","[13]","True"
"71a3fd6b","single-session-assistant","False","False","1","1","True","","True","","answer_ultrachat_417348","[3]","True"
"720133ac","multi-session","False","False","2","2","True","","False","evidence spans 2 sessions, not 1","","[]","False"
"726462e0","single-session-user","False","False","1","1","True","","True","","answer_f38f679b","[2]","True"
"72e3ee87","knowledge-update","True","False","2","","False","excluded: knowledge-update (competing old/new values; CLAUDE.md invariant)","False","excluded: knowledge-update","","[]","False"
"73d42213","multi-session","False","False","2","2","True","","False","evidence spans 2 sessions, not 1","","[]","False"
"7401057b","knowledge-update","True","False","2","","False","excluded: knowledge-update (competing old/new values; CLAUDE.md invariant)","False","excluded: knowledge-update","","[]","False"
"7405e8b1","multi-session","False","False","2","2","True","","False","evidence spans 2 sessions, not 1","","[]","False"
"7527f7e2","single-session-user","False","False","1","1","True","","True","","answer_7cb94507","[2]","True"
"75499fd8","single-session-user","False","False","1","1","True","","True","","answer_723bf11f","[8]","True"
"75832dbd","single-session-preference","False","False","1","1","True","","True","","answer_d87a6ef8","[0]","True"
"75f70248","single-session-preference","False","False","1","1","True","","True","","answer_8ee04a2e","[2]","True"
"76d63226","single-session-user","False","False","1","1","True","","True","","answer_bbdc7b0a","[4]","True"
"778164c6","single-session-assistant","False","False","1","1","True","","True","","answer_ultrachat_399000","[3]","True"
"77eafa52","multi-session","False","False","2","2","True","","False","evidence spans 2 sessions, not 1","","[]","False"
"7a87bd0c","knowledge-update","True","False","2","","False","excluded: knowledge-update (competing old/new values; CLAUDE.md invariant)","False","excluded: knowledge-update","","[]","False"
"7a8d0b71","single-session-assistant","False","False","1","1","True","","True","","answer_sharegpt_i0tMT9q_9","[0]","True"
"7e00a6cb","single-session-assistant","False","False","1","1","True","","True","","answer_ultrachat_370515","[1]","True"
"7e974930","knowledge-update","True","False","2","","False","excluded: knowledge-update (competing old/new values; CLAUDE.md invariant)","False","excluded: knowledge-update","","[]","False"
"8077ef71","temporal-reasoning","False","False","1","1","True","","True","","answer_0dd54b7c_1","[0]","True"
"80ec1f4f","multi-session","False","False","3","2","True","","False","evidence spans 3 sessions, not 1","","[]","False"
"80ec1f4f_abs","multi-session","False","True","3","0","False","abstention item: gold target is 'insufficient information', not a positive fact to audit for evidence sufficiency","False","evidence spans 3 sessions, not 1","","[]","False"
"81507db6","multi-session","False","False","5","3","True","","False","evidence spans 5 sessions, not 1","","[]","False"
"830ce83f","knowledge-update","True","False","2","","False","excluded: knowledge-update (competing old/new values; CLAUDE.md invariant)","False","excluded: knowledge-update","","[]","False"
"8464fc84","single-session-assistant","False","False","1","1","True","","True","","answer_ultrachat_467053","[5]","True"
"852ce960","knowledge-update","True","False","2","","False","excluded: knowledge-update (competing old/new values; CLAUDE.md invariant)","False","excluded: knowledge-update","","[]","False"
"853b0a1d","single-session-user","False","False","1","1","True","","True","","answer_69811d4a","[4]","True"
"8550ddae","single-session-user","False","False","1","1","True","","True","","answer_c8354ae9","[2]","True"
"85fa3a3f","multi-session","False","False","2","3","True","","False","evidence spans 2 sessions, not 1","","[]","False"
"86b68151","single-session-user","False","False","1","1","True","","True","","answer_dc11c1eb","[8]","True"
"86f00804","single-session-user","False","False","1","1","True","","True","","answer_96b8c9ee","[0]","True"
"8752c811","single-session-assistant","False","False","1","1","True","","True","","answer_sharegpt_6pWK9yx_0","[1]","True"
"87f22b4a","multi-session","False","False","2","2","True","","False","evidence spans 2 sessions, not 1","","[]","False"
"88432d0a","multi-session","False","False","4","4","True","","False","evidence spans 4 sessions, not 1","","[]","False"
"88432d0a_abs","multi-session","False","True","4","0","False","abstention item: gold target is 'insufficient information', not a positive fact to audit for evidence sufficiency","False","evidence spans 4 sessions, not 1","","[]","False"
"89527b6b","single-session-assistant","False","False","1","1","True","","True","","answer_sharegpt_YkWn1Ne_0","[1]","True"
"8979f9ec","multi-session","False","False","2","2","True","","False","evidence spans 2 sessions, not 1","","[]","False"
"89941a93","knowledge-update","True","False","2","","False","excluded: knowledge-update (competing old/new values; CLAUDE.md invariant)","False","excluded: knowledge-update","","[]","False"
"89941a94","knowledge-update","True","False","2","","False","excluded: knowledge-update (competing old/new values; CLAUDE.md invariant)","False","excluded: knowledge-update","","[]","False"
"8a137a7f","single-session-user","False","False","1","1","True","","True","","answer_15d63a22","[2]","True"
"8a2466db","single-session-preference","False","False","1","1","True","","True","","answer_edb03329","[0]","True"
"8aef76bc","single-session-assistant","False","False","1","1","True","","True","","answer_ultrachat_563222","[1]","True"
"8b9d4367","single-session-assistant","False","False","1","1","True","","True","","answer_ultrachat_289157","[3]","True"
"8c18457d","temporal-reasoning","False","False","2","3","True","","False","evidence spans 2 sessions, not 1","","[]","False"
"8cf4d046","multi-session","False","False","2","2","True","","False","evidence spans 2 sessions, not 1","","[]","False"
"8cf51dda","single-session-assistant","False","False","1","1","True","","True","","answer_sharegpt_HFMn2ZX_0","[1]","True"
"8e91e7d9","multi-session","False","False","2","2","True","","False","evidence spans 2 sessions, not 1","","[]","False"
"8e9d538c","single-session-user","False","False","1","2","True","","True","","answer_7bdcbd23","[2, 3]","True"
"8ebdbe50","single-session-user","False","False","1","1","True","","True","","answer_8ad8a34f","[2]","True"
"8fb83627","knowledge-update","True","False","2","","False","excluded: knowledge-update (competing old/new values; CLAUDE.md invariant)","False","excluded: knowledge-update","","[]","False"
"91b15a6e","multi-session","False","False","2","2","True","","False","evidence spans 2 sessions, not 1","","[]","False"
"92a0aa75","multi-session","False","False","2","2","True","","False","evidence spans 2 sessions, not 1","","[]","False"
"945e3d21","knowledge-update","True","False","2","","False","excluded: knowledge-update (competing old/new values; CLAUDE.md invariant)","False","excluded: knowledge-update","","[]","False"
"94f70d80","single-session-user","False","False","1","1","True","","True","","answer_c63c0458","[2]","True"
"95228167","single-session-preference","False","False","1","1","True","","True","","answer_5e613445","[0]","True"
"95bcc1c8","single-session-user","False","False","1","1","True","","True","","answer_cb742a61","[0]","True"
"982b5123","temporal-reasoning","False","False","2","2","True","","False","evidence spans 2 sessions, not 1","","[]","False"
"982b5123_abs","temporal-reasoning","False","True","2","1","False","abstention item: gold target is 'insufficient information', not a positive fact to audit for evidence sufficiency","False","evidence spans 2 sessions, not 1","","[]","False"
"993da5e2","temporal-reasoning","False","False","2","2","True","","False","evidence spans 2 sessions, not 1","","[]","False"
"9a707b81","temporal-reasoning","False","False","2","2","True","","False","evidence spans 2 sessions, not 1","","[]","False"
"9a707b82","temporal-reasoning","False","False","2","1","True","","False","evidence spans 2 sessions, not 1","","[]","False"
"9aaed6a3","multi-session","False","False","2","2","True","","False","evidence spans 2 sessions, not 1","","[]","False"
"9bbe84a2","knowledge-update","True","False","2","","False","excluded: knowledge-update (competing old/new values; CLAUDE.md invariant)","False","excluded: knowledge-update","","[]","False"
"9d25d4e0","multi-session","False","False","3","5","True","","False","evidence spans 3 sessions, not 1","","[]","False"
"9ea5eabc","knowledge-update","True","False","2","","False","excluded: knowledge-update (competing old/new values; CLAUDE.md invariant)","False","excluded: knowledge-update","","[]","False"
"9ee3ecd6","multi-session","False","False","2","2","True","","False","evidence spans 2 sessions, not 1","","[]","False"
"a06e4cfe","single-session-user","False","False","1","1","True","","True","","answer_6fe9fb49","[4]","True"
"a08a253f","multi-session","False","False","2","2","True","","False","evidence spans 2 sessions, not 1","","[]","False"
"a11281a2","multi-session","False","False","2","2","True","","False","evidence spans 2 sessions, not 1","","[]","False"
"a1cc6108","multi-session","False","False","2","2","True","","False","evidence spans 2 sessions, not 1","","[]","False"
"a1eacc2a","knowledge-update","True","False","2","","False","excluded: knowledge-update (competing old/new values; CLAUDE.md invariant)","False","excluded: knowledge-update","","[]","False"
"a2f3aa27","knowledge-update","True","False","2","","False","excluded: knowledge-update (competing old/new values; CLAUDE.md invariant)","False","excluded: knowledge-update","","[]","False"
"a3045048","temporal-reasoning","False","False","2","2","True","","False","evidence spans 2 sessions, not 1","","[]","False"
"a3332713","multi-session","False","False","2","2","True","","False","evidence spans 2 sessions, not 1","","[]","False"
"a346bb18","multi-session","False","False","2","2","True","","False","evidence spans 2 sessions, not 1","","[]","False"
"a3838d2b","temporal-reasoning","False","False","6","6","True","","False","evidence spans 6 sessions, not 1","","[]","False"
"a40e080f","single-session-assistant","False","False","1","1","True","","True","","answer_ultrachat_269020","[7]","True"
"a4996e51","multi-session","False","False","2","2","True","","False","evidence spans 2 sessions, not 1","","[]","False"
"a82c026e","single-session-user","False","False","1","1","True","","True","","answer_787e6a6d","[2]","True"
"a89d7624","single-session-preference","False","False","1","2","True","","True","","answer_8f15ac24","[4, 6]","True"
"a96c20ee","multi-session","False","False","2","2","True","","False","evidence spans 2 sessions, not 1","","[]","False"
"a96c20ee_abs","multi-session","False","True","2","0","False","abstention item: gold target is 'insufficient information', not a positive fact to audit for evidence sufficiency","False","evidence spans 2 sessions, not 1","","[]","False"
"a9f6b44c","multi-session","False","False","3","4","True","","False","evidence spans 3 sessions, not 1","","[]","False"
"aae3761f","multi-session","False","False","3","3","True","","False","evidence spans 3 sessions, not 1","","[]","False"
"ac031881","single-session-assistant","False","False","1","1","True","","True","","answer_sharegpt_GYqnAhC_190","[5]","True"
"ad7109d1","single-session-user","False","False","1","1","True","","True","","answer_679840f8","[4]","True"
"af082822","temporal-reasoning","False","False","1","1","True","","True","","answer_b51b6115_1","[2]","True"
"af8d2e46","single-session-user","False","False","1","1","True","","True","","answer_82a04f59","[6]","True"
"afdc33df","single-session-preference","False","False","1","3","True","","True","","answer_8549e5e0","[2, 4, 6]","True"
"affe2881","knowledge-update","True","False","2","","False","excluded: knowledge-update (competing old/new values; CLAUDE.md invariant)","False","excluded: knowledge-update","","[]","False"
"b01defab","knowledge-update","True","False","2","","False","excluded: knowledge-update (competing old/new values; CLAUDE.md invariant)","False","excluded: knowledge-update","","[]","False"
"b0479f84","single-session-preference","False","False","1","1","True","","True","","answer_30f63ddb","[0]","True"
"b29f3365","temporal-reasoning","False","False","2","2","True","","False","evidence spans 2 sessions, not 1","","[]","False"
"b320f3f8","single-session-user","False","False","1","1","True","","True","","answer_5cc9b056","[0]","True"
"b3c15d39","multi-session","False","False","2","2","True","","False","evidence spans 2 sessions, not 1","","[]","False"
"b46e15ed","temporal-reasoning","False","False","4","5","True","","False","evidence spans 4 sessions, not 1","","[]","False"
"b46e15ee","temporal-reasoning","False","False","4","1","True","","False","evidence spans 4 sessions, not 1","","[]","False"
"b5ef892d","multi-session","False","False","3","2","True","","False","evidence spans 3 sessions, not 1","","[]","False"
"b6019101","knowledge-update","True","False","2","","False","excluded: knowledge-update (competing old/new values; CLAUDE.md invariant)","False","excluded: knowledge-update","","[]","False"
"b6025781","single-session-preference","False","False","1","1","True","","True","","answer_8414cc57","[0]","True"
"b759caee","single-session-assistant","False","False","1","1","True","","True","","answer_sharegpt_2BSXlAr_0","[1]","True"
"b86304ba","single-session-user","False","False","1","1","True","","True","","answer_645b0329","[6]","True"
"b9cfe692","temporal-reasoning","False","False","3","2","True","","False","evidence spans 3 sessions, not 1","","[]","False"
"ba358f49","multi-session","False","False","2","2","True","","False","evidence spans 2 sessions, not 1","","[]","False"
"ba358f49_abs","multi-session","False","True","2","0","False","abstention item: gold target is 'insufficient information', not a positive fact to audit for evidence sufficiency","False","evidence spans 2 sessions, not 1","","[]","False"
"ba61f0b9","knowledge-update","True","False","2","","False","excluded: knowledge-update (competing old/new values; CLAUDE.md invariant)","False","excluded: knowledge-update","","[]","False"
"bb7c3b45","multi-session","False","False","2","2","True","","False","evidence spans 2 sessions, not 1","","[]","False"
"bbf86515","temporal-reasoning","False","False","2","2","True","","False","evidence spans 2 sessions, not 1","","[]","False"
"bc149d6b","multi-session","False","False","2","2","True","","False","evidence spans 2 sessions, not 1","","[]","False"
"bc8a6e93","single-session-user","False","False","1","1","True","","True","","answer_e6143162","[2]","True"
"bc8a6e93_abs","single-session-user","False","True","1","0","False","abstention item: gold target is 'insufficient information', not a positive fact to audit for evidence sufficiency","False","no has_answer turn found within the single evidence session","","[]","False"
"bcbe585f","temporal-reasoning","False","False","1","1","True","","True","","answer_43ba3965_1","[0]","True"
"bf659f65","multi-session","False","False","3","3","True","","False","evidence spans 3 sessions, not 1","","[]","False"
"c14c00dd","single-session-user","False","False","1","1","True","","True","","answer_304511ce","[4]","True"
"c18a7dc8","multi-session","False","False","2","2","True","","False","evidence spans 2 sessions, not 1","","[]","False"
"c19f7a0b","single-session-user","False","False","1","1","True","","True","","answer_f442ccbe","[8]","True"
"c2ac3c61","multi-session","False","False","2","2","True","","False","evidence spans 2 sessions, not 1","","[]","False"
"c4a1ceb8","multi-session","False","False","4","4","True","","False","evidence spans 4 sessions, not 1","","[]","False"
"c4ea545c","knowledge-update","True","False","2","","False","excluded: knowledge-update (competing old/new values; CLAUDE.md invariant)","False","excluded: knowledge-update","","[]","False"
"c4f10528","single-session-assistant","False","False","1","1","True","","True","","answer_ultrachat_234453","[7]","True"
"c5e8278d","single-session-user","False","False","1","1","True","","True","","answer_f6168136","[0]","True"
"c6853660","knowledge-update","True","False","2","","False","excluded: knowledge-update (competing old/new values; CLAUDE.md invariant)","False","excluded: knowledge-update","","[]","False"
"c7cf7dfd","single-session-assistant","False","False","1","1","True","","True","","answer_ultrachat_456407","[7]","True"
"c7dc5443","knowledge-update","True","False","2","","False","excluded: knowledge-update (competing old/new values; CLAUDE.md invariant)","False","excluded: knowledge-update","","[]","False"
"c8090214","temporal-reasoning","False","False","2","2","True","","False","evidence spans 2 sessions, not 1","","[]","False"
"c8090214_abs","temporal-reasoning","False","True","2","2","False","abstention item: gold target is 'insufficient information', not a positive fact to audit for evidence sufficiency","False","evidence spans 2 sessions, not 1","","[]","False"
"c8c3f81d","single-session-user","False","False","1","1","True","","True","","answer_761acef8","[6]","True"
"c8f1aeed","single-session-assistant","False","False","1","1","True","","True","","answer_ultrachat_519486","[1]","True"
"c960da58","single-session-user","False","False","1","1","True","","True","","answer_e05e4612","[2]","True"
"c9f37c46","temporal-reasoning","False","False","2","2","True","","False","evidence spans 2 sessions, not 1","","[]","False"
"caf03d32","single-session-preference","False","False","1","2","True","","True","","answer_2fc6aabb","[0, 2]","True"
"caf9ead2","single-session-user","False","False","1","1","True","","True","","answer_0714183a","[8]","True"
"cc06de0d","multi-session","False","False","2","2","True","","False","evidence spans 2 sessions, not 1","","[]","False"
"cc539528","single-session-assistant","False","False","1","1","True","","True","","answer_ultrachat_374124","[7]","True"
"cc5ded98","knowledge-update","True","False","2","","False","excluded: knowledge-update (competing old/new values; CLAUDE.md invariant)","False","excluded: knowledge-update","","[]","False"
"cc6d1ec1","temporal-reasoning","False","False","2","2","True","","False","evidence spans 2 sessions, not 1","","[]","False"
"ccb36322","single-session-user","False","False","1","1","True","","True","","answer_f1fbb330","[2]","True"
"ce6d2d27","knowledge-update","True","False","2","","False","excluded: knowledge-update (competing old/new values; CLAUDE.md invariant)","False","excluded: knowledge-update","","[]","False"
"ceb54acb","single-session-assistant","False","False","1","1","True","","True","","answer_sharegpt_cGdjmYo_0","[3]","True"
"cf22b7bf","knowledge-update","True","False","2","","False","excluded: knowledge-update (competing old/new values; CLAUDE.md invariant)","False","excluded: knowledge-update","","[]","False"
"d01c6aa8","temporal-reasoning","False","False","2","2","True","","False","evidence spans 2 sessions, not 1","","[]","False"
"d23cf73b","multi-session","False","False","4","4","True","","False","evidence spans 4 sessions, not 1","","[]","False"
"d24813b1","single-session-preference","False","False","1","1","True","","True","","answer_7c0ade93","[2]","True"
"d3ab962e","multi-session","False","False","2","2","True","","False","evidence spans 2 sessions, not 1","","[]","False"
"d52b4f67","single-session-user","False","False","1","1","True","","True","","answer_0df6aa4b","[4]","True"
"d596882b","single-session-assistant","False","False","1","1","True","","True","","answer_ultrachat_252214","[5]","True"
"d6062bb9","multi-session","False","False","2","2","True","","False","evidence spans 2 sessions, not 1","","[]","False"
"d6233ab6","single-session-preference","False","False","1","2","True","","True","","answer_b0fac439","[2, 6]","True"
"d682f1a2","multi-session","False","False","3","3","True","","False","evidence spans 3 sessions, not 1","","[]","False"
"d7c942c3","knowledge-update","True","False","2","","False","excluded: knowledge-update (competing old/new values; CLAUDE.md invariant)","False","excluded: knowledge-update","","[]","False"
"d851d5ba","multi-session","False","False","4","4","True","","False","evidence spans 4 sessions, not 1","","[]","False"
"d905b33f","multi-session","False","False","2","2","True","","False","evidence spans 2 sessions, not 1","","[]","False"
"dad224aa","knowledge-update","True","False","2","","False","excluded: knowledge-update (competing old/new values; CLAUDE.md invariant)","False","excluded: knowledge-update","","[]","False"
"db467c8c","knowledge-update","True","False","2","","False","excluded: knowledge-update (competing old/new values; CLAUDE.md invariant)","False","excluded: knowledge-update","","[]","False"
"dc439ea3","single-session-assistant","False","False","1","1","True","","True","","answer_ultrachat_459954","[6]","True"
"dccbc061","single-session-user","False","False","1","1","True","","True","","answer_8f276838","[0]","True"
"dcfa8644","temporal-reasoning","False","False","2","2","True","","False","evidence spans 2 sessions, not 1","","[]","False"
"dd2973ad","multi-session","False","False","2","2","True","","False","evidence spans 2 sessions, not 1","","[]","False"
"dfde3500","knowledge-update","True","False","2","","False","excluded: knowledge-update (competing old/new values; CLAUDE.md invariant)","False","excluded: knowledge-update","","[]","False"
"e01b8e2f","single-session-user","False","False","1","1","True","","True","","answer_5ca6cd28","[2]","True"
"e25c3b8d","multi-session","False","False","2","2","True","","False","evidence spans 2 sessions, not 1","","[]","False"
"e3038f8c","multi-session","False","False","4","4","True","","False","evidence spans 4 sessions, not 1","","[]","False"
"e3fc4d6e","single-session-assistant","False","False","1","1","True","","True","","answer_sharegpt_5m7gg5F_0","[1]","True"
"e47becba","single-session-user","False","False","1","2","True","","True","","answer_280352e9","[4, 5]","True"
"e48988bc","single-session-assistant","False","False","1","1","True","","True","","answer_ultrachat_174360","[3]","True"
"e493bb7c","knowledge-update","True","False","2","","False","excluded: knowledge-update (competing old/new values; CLAUDE.md invariant)","False","excluded: knowledge-update","","[]","False"
"e4e14d04","temporal-reasoning","False","False","2","2","True","","False","evidence spans 2 sessions, not 1","","[]","False"
"e56a43b9","multi-session","False","False","2","2","True","","False","evidence spans 2 sessions, not 1","","[]","False"
"e5ba910e_abs","multi-session","False","True","2","1","False","abstention item: gold target is 'insufficient information', not a positive fact to audit for evidence sufficiency","False","evidence spans 2 sessions, not 1","","[]","False"
"e6041065","multi-session","False","False","2","2","True","","False","evidence spans 2 sessions, not 1","","[]","False"
"e61a7584","knowledge-update","True","False","2","","False","excluded: knowledge-update (competing old/new values; CLAUDE.md invariant)","False","excluded: knowledge-update","","[]","False"
"e66b632c","knowledge-update","True","False","2","","False","excluded: knowledge-update (competing old/new values; CLAUDE.md invariant)","False","excluded: knowledge-update","","[]","False"
"e831120c","multi-session","False","False","2","2","True","","False","evidence spans 2 sessions, not 1","","[]","False"
"e8a79c70","single-session-assistant","False","False","1","1","True","","True","","answer_ultrachat_13075","[1]","True"
"e9327a54","single-session-assistant","False","False","1","1","True","","True","","answer_ultrachat_480665","[7]","True"
"e982271f","single-session-assistant","False","False","1","1","True","","True","","answer_ultrachat_195444","[3]","True"
"eac54adc","temporal-reasoning","False","False","2","2","True","","False","evidence spans 2 sessions, not 1","","[]","False"
"eac54add","temporal-reasoning","False","False","2","1","True","","False","evidence spans 2 sessions, not 1","","[]","False"
"eaca4986","single-session-assistant","False","False","1","1","True","","True","","answer_sharegpt_SS141vi_0","[3]","True"
"eace081b","knowledge-update","True","False","2","","False","excluded: knowledge-update (competing old/new values; CLAUDE.md invariant)","False","excluded: knowledge-update","","[]","False"
"ec81a493","single-session-user","False","False","1","1","True","","True","","answer_ed1982fc","[6]","True"
"ed4ddc30","knowledge-update","True","False","2","","False","excluded: knowledge-update (competing old/new values; CLAUDE.md invariant)","False","excluded: knowledge-update","","[]","False"
"edced276","multi-session","False","False","2","3","True","","False","evidence spans 2 sessions, not 1","","[]","False"
"edced276_abs","multi-session","False","True","2","1","False","abstention item: gold target is 'insufficient information', not a positive fact to audit for evidence sufficiency","False","evidence spans 2 sessions, not 1","","[]","False"
"eeda8a6d","multi-session","False","False","2","2","True","","False","evidence spans 2 sessions, not 1","","[]","False"
"eeda8a6d_abs","multi-session","False","True","2","0","False","abstention item: gold target is 'insufficient information', not a positive fact to audit for evidence sufficiency","False","evidence spans 2 sessions, not 1","","[]","False"
"ef66a6e5","multi-session","False","False","2","2","True","","False","evidence spans 2 sessions, not 1","","[]","False"
"ef9cf60a","multi-session","False","False","2","2","True","","False","evidence spans 2 sessions, not 1","","[]","False"
"efc3f7c2","multi-session","False","False","2","2","True","","False","evidence spans 2 sessions, not 1","","[]","False"
"f0853d11","temporal-reasoning","False","False","2","2","True","","False","evidence spans 2 sessions, not 1","","[]","False"
"f0e564bc","multi-session","False","False","2","2","True","","False","evidence spans 2 sessions, not 1","","[]","False"
"f35224e0","multi-session","False","False","2","2","True","","False","evidence spans 2 sessions, not 1","","[]","False"
"f4f1d8a4","single-session-user","False","False","1","1","True","","True","","answer_f5b33470","[4]","True"
"f4f1d8a4_abs","single-session-user","False","True","1","0","False","abstention item: gold target is 'insufficient information', not a positive fact to audit for evidence sufficiency","False","no has_answer turn found within the single evidence session","","[]","False"
"f523d9fe","single-session-assistant","False","False","1","1","True","","True","","answer_sharegpt_m2xJfjo_0","[14]","True"
"f685340e","knowledge-update","True","False","2","","False","excluded: knowledge-update (competing old/new values; CLAUDE.md invariant)","False","excluded: knowledge-update","","[]","False"
"f685340e_abs","knowledge-update","True","True","2","","False","excluded: knowledge-update (competing old/new values; CLAUDE.md invariant)","False","excluded: knowledge-update","","[]","False"
"f8c5f88b","single-session-user","False","False","1","1","True","","True","","answer_c3567066","[4]","True"
"f9e8c073","knowledge-update","True","False","2","","False","excluded: knowledge-update (competing old/new values; CLAUDE.md invariant)","False","excluded: knowledge-update","","[]","False"
"faba32e5","single-session-user","False","False","1","1","True","","True","","answer_39b12014","[2]","True"
"fca70973","single-session-preference","False","False","1","1","True","","True","","answer_a1e169b1","[0]","True"
"fca762bc","single-session-assistant","False","False","1","1","True","","True","","answer_ultrachat_39395","[5]","True"
"fea54f57","single-session-assistant","False","False","1","1","True","","True","","answer_ultrachat_187684","[1]","True"
"gpt4_0a05b494","temporal-reasoning","False","False","2","2","True","","False","evidence spans 2 sessions, not 1","","[]","False"
"gpt4_0b2f1d21","temporal-reasoning","False","False","2","2","True","","False","evidence spans 2 sessions, not 1","","[]","False"
"gpt4_15e38248","multi-session","False","False","4","5","True","","False","evidence spans 4 sessions, not 1","","[]","False"
"gpt4_18c2b244","temporal-reasoning","False","False","3","3","True","","False","evidence spans 3 sessions, not 1","","[]","False"
"gpt4_1916e0ea","temporal-reasoning","False","False","2","2","True","","False","evidence spans 2 sessions, not 1","","[]","False"
"gpt4_194be4b3","multi-session","False","False","5","4","True","","False","evidence spans 5 sessions, not 1","","[]","False"
"gpt4_1a1dc16d","temporal-reasoning","False","False","2","2","True","","False","evidence spans 2 sessions, not 1","","[]","False"
"gpt4_1d4ab0c9","temporal-reasoning","False","False","2","2","True","","False","evidence spans 2 sessions, not 1","","[]","False"
"gpt4_1d80365e","temporal-reasoning","False","False","2","2","True","","False","evidence spans 2 sessions, not 1","","[]","False"
"gpt4_1e4a8aeb","temporal-reasoning","False","False","2","2","True","","False","evidence spans 2 sessions, not 1","","[]","False"
"gpt4_1e4a8aec","temporal-reasoning","False","False","2","1","True","","False","evidence spans 2 sessions, not 1","","[]","False"
"gpt4_213fd887","temporal-reasoning","False","False","2","2","True","","False","evidence spans 2 sessions, not 1","","[]","False"
"gpt4_21adecb5","temporal-reasoning","False","False","2","2","True","","False","evidence spans 2 sessions, not 1","","[]","False"
"gpt4_2312f94c","temporal-reasoning","False","False","2","2","True","","False","evidence spans 2 sessions, not 1","","[]","False"
"gpt4_2487a7cb","temporal-reasoning","False","False","2","2","True","","False","evidence spans 2 sessions, not 1","","[]","False"
"gpt4_2655b836","temporal-reasoning","False","False","3","2","True","","False","evidence spans 3 sessions, not 1","","[]","False"
"gpt4_2ba83207","multi-session","False","False","4","4","True","","False","evidence spans 4 sessions, not 1","","[]","False"
"gpt4_2c50253f","temporal-reasoning","False","False","2","2","True","","False","evidence spans 2 sessions, not 1","","[]","False"
"gpt4_2d58bcd6","temporal-reasoning","False","False","2","2","True","","False","evidence spans 2 sessions, not 1","","[]","False"
"gpt4_2f56ae70","temporal-reasoning","False","False","3","3","True","","False","evidence spans 3 sessions, not 1","","[]","False"
"gpt4_2f584639","temporal-reasoning","False","False","2","2","True","","False","evidence spans 2 sessions, not 1","","[]","False"
"gpt4_2f8be40d","multi-session","False","False","3","3","True","","False","evidence spans 3 sessions, not 1","","[]","False"
"gpt4_2f91af09","multi-session","False","False","3","3","True","","False","evidence spans 3 sessions, not 1","","[]","False"
"gpt4_31ff4165","multi-session","False","False","5","6","True","","False","evidence spans 5 sessions, not 1","","[]","False"
"gpt4_372c3eed","multi-session","False","False","3","3","True","","False","evidence spans 3 sessions, not 1","","[]","False"
"gpt4_372c3eed_abs","multi-session","False","True","3","0","False","abstention item: gold target is 'insufficient information', not a positive fact to audit for evidence sufficiency","False","evidence spans 3 sessions, not 1","","[]","False"
"gpt4_385a5000","temporal-reasoning","False","False","2","2","True","","False","evidence spans 2 sessions, not 1","","[]","False"
"gpt4_45189cb4","temporal-reasoning","False","False","3","3","True","","False","evidence spans 3 sessions, not 1","","[]","False"
"gpt4_468eb063","temporal-reasoning","False","False","1","1","True","","True","","answer_9b09d95b_1","[0]","True"
"gpt4_468eb064","temporal-reasoning","False","False","1","1","True","","True","","answer_9b09d95b_1","[0]","True"
"gpt4_483dd43c","temporal-reasoning","False","False","2","2","True","","False","evidence spans 2 sessions, not 1","","[]","False"
"gpt4_4929293a","temporal-reasoning","False","False","2","2","True","","False","evidence spans 2 sessions, not 1","","[]","False"
"gpt4_4929293b","temporal-reasoning","False","False","2","1","True","","False","evidence spans 2 sessions, not 1","","[]","False"
"gpt4_4cd9eba1","temporal-reasoning","False","False","2","2","True","","False","evidence spans 2 sessions, not 1","","[]","False"
"gpt4_4edbafa2","temporal-reasoning","False","False","2","2","True","","False","evidence spans 2 sessions, not 1","","[]","False"
"gpt4_4ef30696","temporal-reasoning","False","False","2","2","True","","False","evidence spans 2 sessions, not 1","","[]","False"
"gpt4_4fc4f797","temporal-reasoning","False","False","2","2","True","","False","evidence spans 2 sessions, not 1","","[]","False"
"gpt4_5438fa52","temporal-reasoning","False","False","2","2","True","","False","evidence spans 2 sessions, not 1","","[]","False"
"gpt4_5501fe77","multi-session","False","False","3","3","True","","False","evidence spans 3 sessions, not 1","","[]","False"
"gpt4_59149c77","temporal-reasoning","False","False","2","2","True","","False","evidence spans 2 sessions, not 1","","[]","False"
"gpt4_59149c78","temporal-reasoning","False","False","2","1","True","","False","evidence spans 2 sessions, not 1","","[]","False"
"gpt4_59c863d7","multi-session","False","False","4","5","True","","False","evidence spans 4 sessions, not 1","","[]","False"
"gpt4_5dcc0aab","temporal-reasoning","False","False","5","1","True","","False","evidence spans 5 sessions, not 1","","[]","False"
"gpt4_61e13b3c","temporal-reasoning","False","False","2","2","True","","False","evidence spans 2 sessions, not 1","","[]","False"
"gpt4_65aabe59","temporal-reasoning","False","False","2","3","True","","False","evidence spans 2 sessions, not 1","","[]","False"
"gpt4_68e94287","temporal-reasoning","False","False","2","2","True","","False","evidence spans 2 sessions, not 1","","[]","False"
"gpt4_68e94288","temporal-reasoning","False","False","2","1","True","","False","evidence spans 2 sessions, not 1","","[]","False"
"gpt4_6dc9b45b","temporal-reasoning","False","False","1","1","True","","True","","answer_c4df007f_1","[0]","True"
"gpt4_6ed717ea","temporal-reasoning","False","False","2","2","True","","False","evidence spans 2 sessions, not 1","","[]","False"
"gpt4_70e84552","temporal-reasoning","False","False","2","2","True","","False","evidence spans 2 sessions, not 1","","[]","False"
"gpt4_70e84552_abs","temporal-reasoning","False","True","2","1","False","abstention item: gold target is 'insufficient information', not a positive fact to audit for evidence sufficiency","False","evidence spans 2 sessions, not 1","","[]","False"
"gpt4_731e37d7","multi-session","False","False","4","4","True","","False","evidence spans 4 sessions, not 1","","[]","False"
"gpt4_74aed68e","temporal-reasoning","False","False","2","2","True","","False","evidence spans 2 sessions, not 1","","[]","False"
"gpt4_76048e76","temporal-reasoning","False","False","2","2","True","","False","evidence spans 2 sessions, not 1","","[]","False"
"gpt4_78cf46a3","temporal-reasoning","False","False","2","2","True","","False","evidence spans 2 sessions, not 1","","[]","False"
"gpt4_7a0daae1","temporal-reasoning","False","False","2","2","True","","False","evidence spans 2 sessions, not 1","","[]","False"
"gpt4_7abb270c","temporal-reasoning","False","False","6","6","True","","False","evidence spans 6 sessions, not 1","","[]","False"
"gpt4_7bc6cf22","temporal-reasoning","False","False","1","1","True","","True","","answer_e22d6aef_1","[0]","True"
"gpt4_7ca326fa","temporal-reasoning","False","False","3","3","True","","False","evidence spans 3 sessions, not 1","","[]","False"
"gpt4_7ddcf75f","temporal-reasoning","False","False","1","1","True","","True","","answer_ad8a76cb_1","[0]","True"
"gpt4_7de946e7","temporal-reasoning","False","False","2","2","True","","False","evidence spans 2 sessions, not 1","","[]","False"
"gpt4_7f6b06db","temporal-reasoning","False","False","3","3","True","","False","evidence spans 3 sessions, not 1","","[]","False"
"gpt4_7fce9456","multi-session","False","False","5","6","True","","False","evidence spans 5 sessions, not 1","","[]","False"
"gpt4_8279ba02","temporal-reasoning","False","False","1","1","True","","True","","answer_56521e65_1","[2]","True"
"gpt4_8279ba03","temporal-reasoning","False","False","1","1","True","","True","","answer_56521e66_1","[0]","True"
"gpt4_85da3956","temporal-reasoning","False","False","1","1","True","","True","","answer_581ab834_1","[0]","True"
"gpt4_88806d6e","temporal-reasoning","False","False","2","2","True","","False","evidence spans 2 sessions, not 1","","[]","False"
"gpt4_8c8961ae","temporal-reasoning","False","False","2","2","True","","False","evidence spans 2 sessions, not 1","","[]","False"
"gpt4_8e165409","temporal-reasoning","False","False","2","2","True","","False","evidence spans 2 sessions, not 1","","[]","False"
"gpt4_93159ced","temporal-reasoning","False","False","2","3","True","","False","evidence spans 2 sessions, not 1","","[]","False"
"gpt4_93159ced_abs","temporal-reasoning","False","True","2","0","False","abstention item: gold target is 'insufficient information', not a positive fact to audit for evidence sufficiency","False","evidence spans 2 sessions, not 1","","[]","False"
"gpt4_93f6379c","temporal-reasoning","False","False","3","2","True","","False","evidence spans 3 sessions, not 1","","[]","False"
"gpt4_98f46fc6","temporal-reasoning","False","False","2","2","True","","False","evidence spans 2 sessions, not 1","","[]","False"
"gpt4_9a159967","temporal-reasoning","False","False","3","3","True","","False","evidence spans 3 sessions, not 1","","[]","False"
"gpt4_a1b77f9c","temporal-reasoning","False","False","6","6","True","","False","evidence spans 6 sessions, not 1","","[]","False"
"gpt4_a2d1d1f6","temporal-reasoning","False","False","1","1","True","","True","","answer_f6d6e33f_1","[0]","True"
"gpt4_a56e767c","multi-session","False","False","3","6","True","","False","evidence spans 3 sessions, not 1","","[]","False"
"gpt4_ab202e7f","multi-session","False","False","5","5","True","","False","evidence spans 5 sessions, not 1","","[]","False"
"gpt4_af6db32f","temporal-reasoning","False","False","1","1","True","","True","","answer_184c8f56_1","[0]","True"
"gpt4_b0863698","temporal-reasoning","False","False","1","1","True","","True","","answer_550bb2d1_1","[0]","True"
"gpt4_b4a80587","temporal-reasoning","False","False","2","2","True","","False","evidence spans 2 sessions, not 1","","[]","False"
"gpt4_b5700ca0","temporal-reasoning","False","False","1","1","True","","True","","answer_a17423e8_1","[6]","True"
"gpt4_b5700ca9","temporal-reasoning","False","False","1","1","True","","True","","answer_a17423e7_1","[6]","True"
"gpt4_c27434e8","temporal-reasoning","False","False","2","2","True","","False","evidence spans 2 sessions, not 1","","[]","False"
"gpt4_c27434e8_abs","temporal-reasoning","False","True","2","1","False","abstention item: gold target is 'insufficient information', not a positive fact to audit for evidence sufficiency","False","evidence spans 2 sessions, not 1","","[]","False"
"gpt4_cd90e484","temporal-reasoning","False","False","2","2","True","","False","evidence spans 2 sessions, not 1","","[]","False"
"gpt4_d12ceb0e","multi-session","False","False","3","3","True","","False","evidence spans 3 sessions, not 1","","[]","False"
"gpt4_d31cdae3","temporal-reasoning","False","False","2","2","True","","False","evidence spans 2 sessions, not 1","","[]","False"
"gpt4_d6585ce8","temporal-reasoning","False","False","5","5","True","","False","evidence spans 5 sessions, not 1","","[]","False"
"gpt4_d6585ce9","temporal-reasoning","False","False","5","1","True","","False","evidence spans 5 sessions, not 1","","[]","False"
"gpt4_d84a3211","multi-session","False","False","4","4","True","","False","evidence spans 4 sessions, not 1","","[]","False"
"gpt4_d9af6064","temporal-reasoning","False","False","2","2","True","","False","evidence spans 2 sessions, not 1","","[]","False"
"gpt4_e05b82a6","multi-session","False","False","4","4","True","","False","evidence spans 4 sessions, not 1","","[]","False"
"gpt4_e061b84f","temporal-reasoning","False","False","3","3","True","","False","evidence spans 3 sessions, not 1","","[]","False"
"gpt4_e061b84g","temporal-reasoning","False","False","3","1","True","","False","evidence spans 3 sessions, not 1","","[]","False"
"gpt4_e072b769","temporal-reasoning","False","False","1","1","True","","True","","answer_c19bd2bf_1","[0]","True"
"gpt4_e414231e","temporal-reasoning","False","False","2","2","True","","False","evidence spans 2 sessions, not 1","","[]","False"
"gpt4_e414231f","temporal-reasoning","False","False","2","1","True","","False","evidence spans 2 sessions, not 1","","[]","False"
"gpt4_ec93e27f","temporal-reasoning","False","False","2","2","True","","False","evidence spans 2 sessions, not 1","","[]","False"
"gpt4_f2262a51","multi-session","False","False","3","5","True","","False","evidence spans 3 sessions, not 1","","[]","False"
"gpt4_f420262c","temporal-reasoning","False","False","5","5","True","","False","evidence spans 5 sessions, not 1","","[]","False"
"gpt4_f420262d","temporal-reasoning","False","False","5","3","True","","False","evidence spans 5 sessions, not 1","","[]","False"
"gpt4_f49edff3","temporal-reasoning","False","False","3","3","True","","False","evidence spans 3 sessions, not 1","","[]","False"
"gpt4_fa19884c","temporal-reasoning","False","False","2","2","True","","False","evidence spans 2 sessions, not 1","","[]","False"
"gpt4_fa19884d","temporal-reasoning","False","False","2","1","True","","False","evidence spans 2 sessions, not 1","","[]","False"
"gpt4_fe651585","temporal-reasoning","False","False","2","2","True","","False","evidence spans 2 sessions, not 1","","[]","False"
"gpt4_fe651585_abs","temporal-reasoning","False","True","2","1","False","abstention item: gold target is 'insufficient information', not a positive fact to audit for evidence sufficiency","False","evidence spans 2 sessions, not 1","","[]","False"
