"question_id","question_type","question","positive_control_response","negative_control_response","negative_control_rule","negative_control_reason","evidence_session_id","evidence_turn_indices","evidence_text","human_positive_is_correct","human_negative_is_correct","human_notes","human_determinacy_ok","human_localizable_ok"
"06878be2","single-session-preference","Can you suggest some accessories that would complement my current photography setup?","The user would prefer suggestions of Sony-compatible accessories or high-quality photography gear that can enhance their photography experience. They may not prefer suggestions of other brands' equipment or low-quality gear.","I don't have a specific detail confirmed for that — nothing definite stands out to me regarding: Can you suggest some accessories that would complement my current photography setup?","r2","generic on-topic deflection template (no gold-specific content)","answer_555dfb94","[0, 8, 14]","user: I'm looking to upgrade my camera flash. Can you recommend some good options that are compatible with my Sony A7R IV?
user: What's the best way to clean my Sony 24-70mm f/2.8 lens? I've heard that using a soft cloth and some cleaning solution can leave streaks or scratches on the lens.
user: As a Sony camera user, I've been thinking about upgrading my camera bag to something more comfortable and durable. Do you have any recommendations for camera bags that are specifically designed for Sony cameras?

I've been looking at a few options online, but I'd love to hear your thoughts and get some recommendations from someone with more experience.","","","","",""
"07b6f563","single-session-preference","Can you suggest some useful accessories for my phone?","The user would prefer suggestions of accessories that are compatible with an iPhone 13 Pro, such as high-quality screen protectors, durable cases, portable power banks, or phone wallet cases. They may not prefer suggestions of accessories that are not compatible with Apple products or do not enhance the functionality or protection of their phone.","The user would prefer suggestions of accessories that are compatible with an iPhone 15 Pro, such as high-quality screen protectors, durable cases, portable power banks, or phone wallet cases. They may not prefer suggestions of accessories that are not compatible with Apple products or do not enhance the functionality or protection of their phone.","r1","value substitution on a detectable atomic value (year/weekday/month/day/integer)","answer_d03098f9","[0, 2]","user: I'm looking for a new screen protector to replace the cracked one on my iPhone 13 Pro. Can you recommend some good brands that offer high-quality protectors?
user: I'm also looking for a phone wallet case. Can you recommend some good brands that offer high-quality wallet cases for my iPhone 13 Pro?","","","","",""
"0862e8bf","single-session-user","What is the name of my cat?","Luna","I don't have a specific detail confirmed for that — nothing definite stands out to me regarding: What is the name of my cat?","r2","generic on-topic deflection template (no gold-specific content)","answer_c6fd8ebd","[10]","user: By the way, my cat's name is Luna, and she's been such a sweetie throughout all the changes we've been making to her environment. I'm just glad I can provide her with a happy and healthy home.","","","","",""
"16c90bf4","single-session-assistant","I'm looking back at our previous conversation about the Seco de Cordero recipe from Ancash. You mentioned using a light or medium-bodied beer, but I was wondering if you could remind me what type of beer you specifically recommended?","I recommended using a Pilsner or Lager for the recipe.","I don't have a specific detail confirmed for that — nothing definite stands out to me regarding: I'm looking back at our previous conversation about the Seco de Cordero recipe from Ancash. You mentioned using a light or medium-bodied beer, but I was wondering if you could remind me what type of beer you specifically recommended?","r2","generic on-topic deflection template (no gold-specific content)","answer_ultrachat_294807","[3]","assistant: I don't have personal preferences, but in general, it's recommended to use a light or medium-bodied beer for this recipe to avoid overpowering the flavors of the lamb and spices. a pilsner or lager would work well, but you can also use a local beer from ancash to give the dish a more authentic touch. ultimately, it comes down to your personal preference, so you can choose a beer that you enjoy drinking and experiment with different types to find your favorite one. enjoy your delicious seco de cordero!","","","","",""
"1903aded","single-session-assistant","I think we discussed work from home jobs for seniors earlier. Can you remind me what was the 7th job in the list you provided?","Transcriptionist.","I don't have a specific detail confirmed for that — nothing definite stands out to me regarding: I think we discussed work from home jobs for seniors earlier. Can you remind me what was the 7th job in the list you provided?","r2","generic on-topic deflection template (no gold-specific content)","answer_sharegpt_hA7AkP3_0","[1]","assistant: 1. Virtual customer service representative
2. Telehealth professional
3. Remote bookkeeper
4. Virtual tutor or teacher
5. Freelance writer or editor
6. Online survey taker
7. Transcriptionist
8. Social media manager
9. Virtual travel agent
10. E-commerce seller
11. Remote IT support specialist
12. Home-based customer service representative
13. Online data entry specialist
14. Telemarketing representative
15. Virtual administrative assistant","","","","",""
"1b9b7252","single-session-assistant","I wanted to follow up on our previous conversation about mindfulness techniques. You mentioned some great resources for guided imagery exercises, can you remind me of the website that had free exercises like 'The Mountain Meditation' and 'The Body Scan Meditation'?","Mindful.org.","I don't have a specific detail confirmed for that — nothing definite stands out to me regarding: I wanted to follow up on our previous conversation about mindfulness techniques. You mentioned some great resources for guided imagery exercises, can you remind me of the website that had free exercises like 'The Mountain Meditation' and 'The Body Scan Meditation'?","r2","generic on-topic deflection template (no gold-specific content)","answer_ultrachat_115151","[3]","assistant: Yes, here are some guided imagery exercises and resources:

1. Headspace app: This app provides guided meditations and visualization exercises that can help you relieve stress and anxiety.

2. Mindful.org: This website includes guided imagery exercises that you can use for free, such as ""The Mountain Meditation"" and ""The Body Scan Meditation.""

3. UCLA Mindful Awareness Research Center: This website includes a variety of free guided meditations that can help with stress reduction, relaxation, and building resilience.

4. Mindfulness Exercises: This website provides a range of mindfulness exercises including visualization exercises that you can use for free.

5. YouTube: There are a variety of guided imagery exercises available on YouTube that can help you relax and relieve stress.

Remember, everyone responds differently to guided imagery exercises, so it's important to experiment and find what works best for you.","","","","",""
"1e043500","single-session-user","What is the name of the playlist I created on Spotify?","Summer Vibes","I don't have a specific detail confirmed for that — nothing definite stands out to me regarding: What is the name of the playlist I created on Spotify?","r2","generic on-topic deflection template (no gold-specific content)","answer_3e012175","[2]","user: What's a good music streaming service that can help me discover new music and artists, especially in the ambient and lo-fi genres? Also, by the way, I've been listening to this one playlist on Spotify that I created, called Summer Vibes, and it's got all these chill tracks that are perfect for relaxing or working out.","","","","",""
"28bcfaac","single-session-assistant","I'm going back to our previous conversation about music theory. You mentioned some online resources for learning music theory. Can you remind me of the website you recommended for free lessons and exercises?","MusicTheory.net","I don't have a specific detail confirmed for that — nothing definite stands out to me regarding: I'm going back to our previous conversation about music theory. You mentioned some online resources for learning music theory. Can you remind me of the website you recommended for free lessons and exercises?","r2","generic on-topic deflection template (no gold-specific content)","answer_ultrachat_446979","[3]","assistant: There are many great resources online that can help you learn music theory, whether you're a beginner or an advanced musician. Here are a few recommendations:

1. MusicTheory.net: This website offers free lessons and exercises on music theory, covering topics such as rhythm, chords, and scales.

2. Online courses: Platforms like Udemy and Coursera offer online courses on music theory taught by professional musicians and educators.

3. YouTube: There are numerous channels dedicated to teaching music theory on YouTube, including popular ones like Rick Beato and Adam Neely.

4. Books: There are many great books on music theory for both beginners and advanced learners. Some popular options include ""Music Theory For Dummies"" by Michael Pilhofer and ""The Jazz Theory Book"" by Mark Levine.

5. Private lessons: If you're serious about learning music theory, consider taking private lessons from a music teacher. They can provide personalized instruction and help you progress faster. 

I hope this helps! Good luck and have fun learning music theory!","","","","",""
"2bf43736","single-session-assistant","I was going through our previous chat and I wanted to clarify something about the prayer of beginners in Tanqueray's Spiritual Life treatise. Can you remind me which chapter of the second part discusses vocal prayer and meditation?","Chapter 4 of Book 1, titled 'Vocal Prayer and Meditation'.","Chapter 6 of Book 1, titled 'Vocal Prayer and Meditation'.","r1","value substitution on a detectable atomic value (year/weekday/month/day/integer)","answer_sharegpt_2kpncbX_13","[8]","assistant: The chapter in the second part of Adolphe Tanqueray's Spiritual Life treatise where he talks about the prayer of beginners is Chapter 4 of Book 1, titled ""Vocal Prayer and Meditation."" In this chapter, Tanqueray discusses the importance of vocal prayer and meditation in the spiritual life, and provides guidance for beginners on how to approach these forms of prayer. He also discusses the role of spiritual reading and other devotional practices in deepening one's relationship with God. Overall, this chapter is a helpful resource for those who are just beginning their spiritual journey and are seeking guidance on how to pray.","","","","",""
"311778f1","single-session-user","How many hours did I spend watching documentaries on Netflix last month?","10","12","r1","value substitution on a detectable atomic value (year/weekday/month/day/integer)","answer_e40b054e","[2]","user: I'm really interested in applying machine learning to my work projects, especially in automating tasks and making predictions. By the way, speaking of watching educational content, I was wondering if you could help me track my screen time on Netflix - I think I spent 10 hours last month watching documentaries. Can you help me with that?","","","","",""
"35a27287","single-session-preference","Can you recommend some interesting cultural events happening around me this weekend?","The user would prefer responses that suggest cultural events where they can practice their language skills, particularly Spanish and French. They would also appreciate if the event has a focus on language learning resources. They would not prefer events that do not provide opportunities for language practice or cultural exchange.","I don't have a specific detail confirmed for that — nothing definite stands out to me regarding: Can you recommend some interesting cultural events happening around me this weekend?","r2","generic on-topic deflection template (no gold-specific content)","answer_9b182436","[2, 4, 12]","user: What are some cultural events or festivals in my area that celebrate language diversity and cultural exchange? I'd love to attend something like the cultural festival I volunteered at last month.
user: Can you recommend any language learning apps or websites that focus on idiomatic expressions and colloquialisms in French and Spanish? I've been trying to improve my conversational skills and want to learn more informal language.
user: I'd like to explore more language exchange opportunities and cultural events in my area. Can you suggest some ways to find language exchange partners or events that focus on French and Spanish languages?","","","","",""
"38146c39","single-session-preference","I've been feeling like my chocolate chip cookies need something extra. Any advice?","The user would prefer responses that build upon their previous experimentation with turbinado sugar, suggesting ingredients or techniques that complement its richer flavor. They might not prefer generic cookie-making advice or suggestions that don't take into account their existing use of turbinado sugar.","I don't have a specific detail confirmed for that — nothing definite stands out to me regarding: I've been feeling like my chocolate chip cookies need something extra. Any advice?","r2","generic on-topic deflection template (no gold-specific content)","answer_772472c8","[0]","user: I've been experimenting with different types of sugar and found that turbinado sugar adds a richer flavor. Do you have any suggestions on what other ingredients I could pair with it to enhance the flavor even more?","","","","",""
"3d86fd0a","single-session-user","Where did I meet Sophia?","a coffee shop in the city","I don't have a specific detail confirmed for that — nothing definite stands out to me regarding: Where did I meet Sophia?","r2","generic on-topic deflection template (no gold-specific content)","answer_19c24c11","[2]","user: I'll start filling out the template. Under ""How We Met"", I'll include the location where I met them. For Sophia, it was a coffee shop in the city.","","","","",""
"488d3006","single-session-assistant","I'm planning to go back to the Natural Park of Moncayo mountain in Aragón and I was wondering, what was the name of that hiking trail you recommended that takes you through the park's most stunning landscapes and offers panoramic views of the surrounding mountainside?","The GR-90 trail.","The GR-92 trail.","r1","value substitution on a detectable atomic value (year/weekday/month/day/integer)","answer_ultrachat_275993","[5]","assistant: Certainly! One of the best hiking trails with breathtaking views in the Natural Park of the Moncayo mountain in Aragón is the GR-90. This trail takes you through the park's most stunning landscapes and offers panoramic views of the surrounding mountainside.

The GR-90 is a circular hiking trail that runs for approximately 36 kilometers, and it takes between two to three days to complete. The trail passes through several small towns and villages in the area and offers the opportunity to learn more about the local culture and history. 

Some highlights of this trail include reaching the summit of Moncayo mountain, which is the highest peak in the park, and experiencing the beautiful Fuenfría waterfall. Along the trail, you'll also get to see beautiful meadows, forests, and rock formations.

Overall, the GR-90 is an unforgettable hiking experience that combines beautiful nature, stunning views, and cultural and historical landmarks.","","","","",""
"58bf7951","single-session-user","What play did I attend at the local community theater?","The Glass Menagerie","I don't have a specific detail confirmed for that — nothing definite stands out to me regarding: What play did I attend at the local community theater?","r2","generic on-topic deflection template (no gold-specific content)","answer_355c48bb","[4]","user: I was thinking of getting Emily to audition for a role, I'll definitely encourage her to give it a shot. The play I attended was actually a production of The Glass Menagerie, have you heard of it?","","","","",""
"6ae235be","single-session-assistant","I remember you told me about the refining processes at CITGO's three refineries earlier. Can you remind me what kind of processes are used at the Lake Charles Refinery?","Atmospheric distillation, fluid catalytic cracking (FCC), alkylation, and hydrotreating.","I don't have a specific detail confirmed for that — nothing definite stands out to me regarding: I remember you told me about the refining processes at CITGO's three refineries earlier. Can you remind me what kind of processes are used at the Lake Charles Refinery?","r2","generic on-topic deflection template (no gold-specific content)","answer_sharegpt_IUWQYGQ_0","[1]","assistant: CITGO operates three refineries in the United States, located in Lake Charles, Louisiana; Lemont, Illinois; and Corpus Christi, Texas. Each refinery has its own set of refining processes, but here are some of the main processes that go on at each facility:

1. Lake Charles Refinery:
* Atmospheric distillation: This is the first step in the refining process, where crude oil is heated and separated into different fractions based on their boiling points.
* Fluid catalytic cracking (FCC): This process breaks down heavier fractions of crude oil into lighter, more valuable products such as gasoline and diesel fuel.
* Alkylation: This process combines smaller molecules to form larger ones, creating high-octane gasoline components.
* Hydrotreating: This process removes impurities from the gasoline and diesel fractions to improve their quality.
1. Lemont Refinery:
* Atmospheric distillation: As with the Lake Charles Refinery, this is the initial step in the refining process.
* Delayed coking: This process breaks down heavy, residual oils into lighter products such as naphtha, diesel, and petroleum coke.
* Hydrocracking: This process uses hydrogen and a catalyst to break down heavier fractions of crude oil into lighter, more valuable products.
* Hydrotreating: This process is used to remove sulfur and other impurities from the gasoline and diesel fractions.
1. Corpus Christi Refinery:
* Atmospheric distillation: Again, this is the first step in the refining process.
* Fluid catalytic cracking (FCC): As with the Lake Charles Refinery, this process is used to break down heavier fractions of crude oil into lighter, more valuable products.
* Alkylation: This process combines smaller molecules to form larger ones, creating high-octane gasoline components.
* Hydrocracking: This process is used to break down heavier fractions of crude oil into lighter, more valuable products.
* Hydrotreating: This process removes impurities from the gasoline and diesel fractions to improve their quality.

It's worth noting that these are just some of the processes that take place at each refinery, and there may be others as well. Additionally, the specific refining processes used can vary depending on the type of crude oil being processed and the market demand for different petroleum products.","","","","",""
"75f70248","single-session-preference","I've been sneezing quite a bit lately. Do you think it might be my living room?","The user would prefer responses that consider the potential impact of their cat, Luna, and her shedding on their sneezing, as well as the recent deep clean of the living room and its possible effect on stirring up dust. They might not prefer responses that fail to take into account these specific details previously mentioned, such as generic suggestions or unrelated factors.","I don't have a specific detail confirmed for that — nothing definite stands out to me regarding: I've been sneezing quite a bit lately. Do you think it might be my living room?","r2","generic on-topic deflection template (no gold-specific content)","answer_8ee04a2e","[2]","user: What are some simple ways to keep my living room dust-free, especially with a cat that sheds a lot?","","","","",""
"7a8d0b71","single-session-assistant","I'm looking back at our previous chat about the DHL Wellness Retreats campaign. Can you remind me how much was allocated for influencer marketing in the campaign plan?","$2,000","$4,000","r1","value substitution on a detectable atomic value (year/weekday/month/day/integer)","answer_sharegpt_i0tMT9q_9","[0]","assistant: Sure, here's a detailed influencer marketing campaign plan for the DHL Wellness Retreats that starts on May 1st:

Influencer Marketing Campaign Plan for DHL Wellness Retreats

Objective:

* To leverage the influence of wellness and lifestyle influencers to promote the DHL Wellness Retreats
* To drive traffic to the website and increase registrations for the retreats

Target audience:

* Health-conscious individuals looking for unique wellness experiences
* Yoga enthusiasts and practitioners
* People interested in exploring different wellness practices
* Individuals seeking to connect with like-minded individuals

Platforms:

* Instagram and blogs

Tactics:

1. Influencer Outreach
* Research and identify relevant wellness and lifestyle influencers with a significant following and engagement on Instagram and blogs.
* Reach out to these influencers with an offer to attend the retreats for free in exchange for social media posts and blog reviews.
* Provide influencers with clear guidelines and expectations for the posts, including hashtags, mentions, and content themes.
1. Influencer Content
* Encourage influencers to share high-quality images and videos of the retreat location, activities, and wellness programming.
* Encourage influencers to share their own wellness stories and experiences, as well as testimonials from previous attendees.
* Offer incentives, such as a discount code for their followers or a free upgrade to a future retreat, to encourage influencers to create high-quality content.
1. Influencer Engagement
* Monitor influencer posts and engage with their content by commenting, liking, and sharing.
* Repost influencer content on the DHL Wellness Retreats social media channels.
* Feature influencer testimonials and reviews on the DHL Wellness Retreats website and social media channels.
1. Influencer Partnerships
* Develop long-term partnerships with select influencers to promote the DHL Wellness Retreats on an ongoing basis.
* Offer exclusive benefits and perks, such as early access to registration or personalized retreat experiences, to these influencers.
* Encourage influencers to provide feedback and insights to improve the retreat experiences and marketing efforts.

Budget:

* Influencer marketing: $2,000

Timeline:

* May 1st - May 31st: Influencer marketing campaign

Measurement:

* Monitor influencer engagement, such as likes, comments, shares, and follower growth.
* Track website traffic and registrations generated from influencer marketing.
* Use participant surveys and feedback to improve future influencer marketing campaigns and retreat experiences.

Conclusion:
By leveraging the influence of relevant wellness and lifestyle influencers, we can generate interest and registrations for the DHL Wellness Retreats, establish a strong brand presence on social media, and attract repeat attendees for future retreats.","","","","",""
"86b68151","single-session-user","Where did I buy my new bookshelf from?","IKEA","I don't have a specific detail confirmed for that — nothing definite stands out to me regarding: Where did I buy my new bookshelf from?","r2","generic on-topic deflection template (no gold-specific content)","answer_dc11c1eb","[8]","user: I just kind of went for it and started moving things around until it felt right. I wanted to create more space and make the room feel less cluttered. The new bookshelf is from IKEA, and I'm really happy with it. It's exactly what I needed to get my books organized.","","","","",""
"a89d7624","single-session-preference","I'm planning a trip to Denver soon. Any suggestions on what to do there?","The user would prefer responses that take into account their previous experience in Denver, specifically their interest in live music and memorable encounter with Brandon Flowers. They might appreciate suggestions that revisit or build upon this experience, such as revisiting the same bar or exploring similar music venues in the area. The user may not prefer general tourist recommendations or activities unrelated to their interest in live music.","I don't have a specific detail confirmed for that — nothing definite stands out to me regarding: I'm planning a trip to Denver soon. Any suggestions on what to do there?","r2","generic on-topic deflection template (no gold-specific content)","answer_8f15ac24","[4, 6]","user: During my previous visit to Denver, where I had a great time meeting Brandon Flowers after The Killers' concert, I realized how much I love the city's music scene. Are there any good music venues or festivals in Denver that I shouldn't miss?
user: I'm thinking of going back to Denver for another concert. Do you know if there are any good BBQ places near the Red Rocks Amphitheater?","","","","",""
"ad7109d1","single-session-user","What speed is my new internet plan?","500 Mbps","502 Mbps","r1","value substitution on a detectable atomic value (year/weekday/month/day/integer)","answer_679840f8","[4]","user: I did notice that my internet speed has been really good lately, especially when I'm streaming movies on Netflix. I upgraded to 500 Mbps about three weeks ago, and it's made a huge difference. Anyway, back to my battery issue... do you think it's possible that my laptop's battery is just old and needs to be replaced?","","","","",""
"b86304ba","single-session-user","How much is the painting of a sunset worth in terms of the amount I paid for it?","The painting is worth triple what I paid for it.","I don't have a specific detail confirmed for that — nothing definite stands out to me regarding: How much is the painting of a sunset worth in terms of the amount I paid for it?","r2","generic on-topic deflection template (no gold-specific content)","answer_645b0329","[6]","user: That's really helpful. I was thinking about my flea market find, and I realized that it's actually worth triple what I paid for it, which is amazing!","","","","",""
"bc8a6e93","single-session-user","What did I bake for my niece's birthday party?","a lemon blueberry cake","I don't have a specific detail confirmed for that — nothing definite stands out to me regarding: What did I bake for my niece's birthday party?","r2","generic on-topic deflection template (no gold-specific content)","answer_e6143162","[2]","user: That's really helpful, thanks! I've actually had a lot of success with lemon-based desserts in the past - I recently made a lemon blueberry cake for my niece's birthday party and it was a huge hit. I was a bit nervous about how it would turn out, but the combination of the tangy lemon and sweet blueberries was perfect. Do you have any tips on how to get the perfect balance of flavors in a lemon dessert?","","","","",""
"c14c00dd","single-session-user","What brand of shampoo do I currently use?","Trader Joe's","I don't have a specific detail confirmed for that — nothing definite stands out to me regarding: What brand of shampoo do I currently use?","r2","generic on-topic deflection template (no gold-specific content)","answer_304511ce","[4]","user: I've been using a lavender scented shampoo that I picked up on a whim at Trader Joe's, and it's been doing wonders for my hair. Do you have any tips on how to keep my hair healthy and shiny?","","","","",""
"caf9ead2","single-session-user","How long did it take to move to the new apartment?","5 hours","7 hours","r1","value substitution on a detectable atomic value (year/weekday/month/day/integer)","answer_0714183a","[8]","user: I didn't think about asking the baristas for recommendations. That's a great idea! By the way, it took me and my friends around 5 hours to move everything into the new apartment, but it was worth it to be closer to work and save on commute time.","","","","",""
"dc439ea3","single-session-assistant","I was looking back at our previous conversation about Native American powwows and I was wondering, which traditional game did you say was often performed by skilled dancers at powwows?","Hoop Dance","I don't have a specific detail confirmed for that — nothing definite stands out to me regarding: I was looking back at our previous conversation about Native American powwows and I was wondering, which traditional game did you say was often performed by skilled dancers at powwows?","r2","generic on-topic deflection template (no gold-specific content)","answer_ultrachat_459954","[6]","user: I'll definitely look into those powwows and try to attend one soon. Do you have any tips for what to wear or bring to a powwow?","","","","",""
"e9327a54","single-session-assistant","I'm planning to revisit Orlando. I was wondering if you could remind me of that unique dessert shop with the giant milkshakes we talked about last time?","The Sugar Factory at Icon Park.","I don't have a specific detail confirmed for that — nothing definite stands out to me regarding: I'm planning to revisit Orlando. I was wondering if you could remind me of that unique dessert shop with the giant milkshakes we talked about last time?","r2","generic on-topic deflection template (no gold-specific content)","answer_ultrachat_480665","[7]","assistant: Absolutely! Here are some fun dessert spots that your family might enjoy after dinner:

1. The Sugar Factory - A sweet shop located at Icon Park that offers an enormous menu of sweet treats, including specialty drinks and giant milkshakes.

2. Wondermade - A gourmet marshmallow shop located in Sanford, just north of Orlando, that offers unique flavored marshmallows and s'mores kits.

3. Gideon's Bakehouse - A bakery located at Disney Springs that offers delicious cookies, cakes, and other baked treats.

4. Kelly's Homemade Ice Cream - A small-batch ice cream shop located in Orlando that offers unique flavors like Banana Cream Pie and Strawberry Jalapeno.

5. Voodoo Doughnut - A doughnut shop located at Universal CityWalk that offers imaginative and creative doughnuts with unique toppings and flavors.

6. The Glass Knife - A dessert and coffee shop located in Winter Park that serves up beautiful cakes, pastries, and other sweet treats in a stylish setting.

7. Lickety Splitz - A dessert shop located in Orlando that serves up handmade frozen yogurt, sorbet, and ice cream.

8. Better Than Sex - A dessert shop located in the Ivanhoe Village neighborhood of Orlando that specializes in decadent desserts like chocolate fondue and cheesecake.

9. The Greenery Creamery - An ice cream shop located in the Thornton Park neighborhood of Orlando that offers all-natural ice cream flavors like lavender, honeycomb, and matcha.

10. The Pastry Studio - A bakery located in Daytona Beach, just east of Orlando, that offers beautiful and delicious custom cakes and other desserts.","","","","",""
"gpt4_468eb064","temporal-reasoning","Who did I meet with during the lunch last Tuesday?","Emma","I don't have a specific detail confirmed for that — nothing definite stands out to me regarding: Who did I meet with during the lunch last Tuesday?","r2","generic on-topic deflection template (no gold-specific content)","answer_9b09d95b_1","[0]","user: I'm looking for some tips on social media advertising. I just attended a digital marketing workshop last week and the speaker, Rachel Lee, mentioned some interesting strategies. I was wondering if you could recommend some online resources or tutorials on the topic. By the way, I catch up with Emma, a freelance writer, over lunch today and she's now a potential collaborator for a project I'm working on.","","","","",""
"gpt4_7bc6cf22","temporal-reasoning","How many days ago did I read the March 15th issue of The New Yorker?","12 days ago. 13 days (including the last day) is also acceptable.","14 days ago. 13 days (including the last day) is also acceptable.","r1","value substitution on a detectable atomic value (year/weekday/month/day/integer)","answer_e22d6aef_1","[0]","user: I'm looking for some information on climate change. I finally got around to reading the March 15th issue of The New Yorker today and there was a fascinating article on it. Can you recommend some reputable sources for learning more about the topic?","","","","",""
"gpt4_af6db32f","temporal-reasoning","How many days ago did I watch the Super Bowl?","17 days ago. 18 days (including the last day) is also acceptable.","19 days ago. 18 days (including the last day) is also acceptable.","r1","value substitution on a detectable atomic value (year/weekday/month/day/integer)","answer_184c8f56_1","[0]","user: I'm trying to plan a fantasy football draft party and I was thinking of serving some food that's similar to what I had at my friend's house today when we watched the Super Bowl - you know, pizza and wings. Do you have any recommendations for good wing sauces or pizza toppings that would be a hit with my friends? By the way, Go Chiefs!","","","","",""
